index,result,sat_count,uns_count,unk_count,low_bound,high_bound,avg_bound,low_real,high_real,avg_real,low_time,high_timeavg_time,low_mem,high_mem,avg_mem,avg_time,high_time
array-VexRiscv-regch0-15-p0,unsat,0,5,0,-1,-1,-1,9.4,2857.39,586.858,9.3,,82.0,2633.0,1112.0,1779.7459999999999,8570.64
array-VexRiscv-regch0-15-p1,unsat,0,5,0,-1,-1,-1,9.59,3105.02,641.16,9.46,,79.0,4350.0,1388.4,1355.3619999999999,6296.49
array-VexRiscv-regch0-20-p0,unsat,0,4,0,-1,-1,-1,228.44,3600.1,1017.2239999999999,228.36,,209.0,10376.0,3061.4,3822.14,8203.9
array-arbitrated_fifos_n2d8w8,unknown,0,0,2,-1,-1,-1,0.74,3600.1,2874.864,1.46,,82.0,4803.0,1544.2,10024.039999999999,28426.36
array-array_swap,unknown,0,0,2,-1,-1,-1,0.42,3600.1,2875.386,0.09,,31.0,24699.0,9013.2,13639.467999999999,46507.75
array-dblclockfft_butterfly_ck1-p006,unsat,0,5,0,-1,-1,-1,0.24,48.46,10.898,0.19,,28.0,2660.0,883.8,47.422,194.66
array-dblclockfft_butterfly_ck1-p015,unsat,0,5,0,-1,-1,-1,0.56,556.08,115.12,0.49,,41.0,4773.0,1877.8,474.934,2238.69
array-dblclockfft_butterfly_ck1-p023,unsat,0,5,0,-1,-1,-1,0.5,411.35,84.308,0.5,,39.0,3304.0,1246.2,339.17199999999997,1656.1
array-dblclockfft_butterfly_ck1-p053,unsat,0,5,0,-1,-1,-1,0.25,49.18,11.05,0.2,,26.0,2717.0,890.6,47.870000000000005,197.52
array-dblclockfft_butterfly_ck1-p060,unsat,0,5,0,-1,-1,-1,0.12,1.65,0.716,0.0,,0.0,1632.0,424.8,3.7399999999999998,15.35
array-dblclockfft_butterfly_ck1-p063,unsat,0,5,0,-1,-1,-1,4.01,1189.7,260.032,3.89,,92.0,5340.0,2443.2,1052.01,4790.35
array-dblclockfft_butterfly_ck1-p068,unsat,0,5,0,-1,-1,-1,3.93,1446.73,309.358,3.89,,96.0,6380.0,2685.2,1269.62,5825.87
array-dblclockfft_butterfly_ck1-p072,unsat,0,5,0,-1,-1,-1,0.24,48.4,10.99,0.19,,28.0,2649.0,897.8,47.526,194.28
array-dblclockfft_butterfly_ck1-p073,unsat,0,5,0,-1,-1,-1,2.35,1446.59,300.226,2.3,,83.0,6027.0,2642.4,1232.042,5824.0
array-dblclockfft_butterfly_ck1-p078,unsat,0,5,0,-1,-1,-1,0.92,552.1,115.534,0.9,,57.0,5023.0,2002.4,475.40999999999997,2222.54
array-dblclockfft_butterfly_ck1-p096,unsat,0,5,0,-1,-1,-1,0.24,48.38,10.994,0.19,,28.0,2553.0,862.6,47.502,194.27
array-dblclockfft_butterfly_ck1-p106,unsat,0,4,1,-1,-1,-1,13.76,1573.28,431.44,13.69,,97.0,9474.0,3503.0,1847.28,6335.03
array-dblclockfft_butterfly_ck1-p117,unsat,0,5,0,-1,-1,-1,4.59,1457.03,307.198,4.49,,94.0,6268.0,2669.4,1261.09,5866.9
array-dblclockfft_butterfly_ck1-p139,unsat,0,5,0,-1,-1,-1,0.2,24.46,5.966,0.09,,20.0,2485.0,766.2,27.176,98.06
array-dblclockfft_butterfly_ck1-p147,unsat,0,5,0,-1,-1,-1,15.01,2136.31,486.86,14.89,,67.0,8838.0,2868.8,2107.066,8603.16
array-dblclockfft_butterfly_ck1-p156,unsat,0,5,0,-1,-1,-1,0.14,2.89,1.242,0.09,,20.0,1947.0,530.8,5.804,15.5
array-dblclockfft_butterfly_ck1-p167,unsat,0,5,0,-1,-1,-1,1.02,419.62,89.6,1.0,,54.0,3888.0,1709.4,370.09000000000003,1689.45
array-dblclockfft_butterfly_ck1-p168,unsat,0,5,0,-1,-1,-1,0.4,207.46,43.754000000000005,0.3,,32.0,3651.0,1339.6,182.994,835.0
array-dblclockfft_butterfly_ck1-p191,unsat,0,5,0,-1,-1,-1,5.11,2544.74,536.9599999999999,5.0,,102.0,7470.0,3379.0,2148.982,9897.95
array-dblclockfft_butterfly_ck1-p199,unsat,0,5,0,-1,-1,-1,0.2,24.63,6.045999999999999,0.1,,20.0,2388.0,750.2,27.478,98.86
array-dblclockfft_butterfly_ck1-p200,unsat,0,5,0,-1,-1,-1,0.53,205.94,43.826,0.5,,45.0,3702.0,1368.6,183.08800000000002,828.94
array-dblclockfft_butterfly_ck1-p212,unsat,0,5,0,-1,-1,-1,0.37,84.94,18.785999999999998,0.29,,34.0,2993.0,1066.6,79.002,341.65
array-dblclockfft_butterfly_ck1-p214,unsat,0,5,0,-1,-1,-1,0.19,10.2,2.888,0.1,,19.0,2235.0,675.0,12.764,40.46
array-dblclockfft_butterfly_ck1-p222,unsat,0,4,1,-1,-1,-1,49.08,1091.75,426.712,49.0,,76.0,9472.0,2911.6,1824.54,4395.63
array-dblclockfft_butterfly_ck1-p223,unsat,0,5,0,-1,-1,-1,0.15,2.88,1.314,0.1,,20.0,1878.0,531.4,6.116,15.98
array-dblclockfft_butterfly_ck1-p255,unsat,0,4,1,-1,-1,-1,31.74,2487.14,711.894,31.69,,148.0,8350.0,4021.8,2923.012,10015.45
array-dblclockfft_butterfly_ck1-p257,unsat,0,5,0,-1,-1,-1,0.2,24.45,5.696,0.09,,20.0,2027.0,682.6,23.674,98.07
array-dblclockfft_butterfly_ck1-p265,unsat,0,4,0,-1,-1,-1,46.84,3600.1,1040.372,46.79,,205.0,8476.0,3722.4,4192.916,14495.39
array-dblclockfft_butterfly_ck1-p267,unsat,0,5,0,-1,-1,-1,0.11,1.62,0.6920000000000001,0.0,,0.0,1688.0,432.2,3.4659999999999997,14.2
array-dblclockfft_butterfly_ck1-p269,unsat,0,5,0,-1,-1,-1,1.2,554.02,115.396,1.2,,57.0,4283.0,1911.2,476.6,2230.77
array-dblclockfft_butterfly_ck1-p276,unsat,0,5,0,-1,-1,-1,0.14,2.92,1.258,0.1,,20.0,1969.0,537.8,5.896,15.73
array-dblclockfft_butterfly_ck1-p285,unsat,0,5,0,-1,-1,-1,0.69,298.42,63.374,0.59,,49.0,4000.0,1584.4,261.526,1201.02
array-dblclockfft_butterfly_ck1-p286,unsat,0,5,0,-1,-1,-1,0.24,24.54,6.074,0.2,,29.0,2343.0,739.2,27.936,98.41
array-dblclockfft_butterfly_ck1-p304,unsat,0,5,0,-1,-1,-1,0.26,49.33,10.718,0.2,,26.0,1275.0,537.8,42.338,198.18
array-dblclockfft_butterfly_ck1-p309,unsat,0,5,0,-1,-1,-1,0.2,24.64,6.01,0.1,,20.0,2392.0,751.4,27.376,98.84
array-dblclockfft_butterfly_ck1-p310,unsat,0,5,0,-1,-1,-1,0.28,48.6,11.142,0.2,,29.0,2423.0,854.4,48.104,195.1
array-dblclockfft_butterfly_ck1-p333,unsat,0,5,0,-1,-1,-1,1.09,553.33,116.84200000000001,1.0,,62.0,4076.0,1836.0,480.51200000000006,2227.82
array-dblclockfft_butterfly_ck1-p341,unsat,0,5,0,-1,-1,-1,0.75,304.59,64.72399999999999,0.7,,49.0,3827.0,1592.6,270.876,1225.83
array-dblclockfft_butterfly_ck1-p343,unsat,0,5,0,-1,-1,-1,1.04,550.37,115.496,1.0,,57.0,4274.0,1921.8,475.88599999999997,2215.91
array-dblclockfft_butterfly_ck1-p346,unsat,0,5,0,-1,-1,-1,4.73,1455.08,307.002,4.69,,96.0,5393.0,2485.2,1260.718,5859.54
array-dblclockfft_butterfly_ck1-p348,unsat,0,5,0,-1,-1,-1,0.29,48.49,11.110000000000001,0.2,,29.0,2674.0,908.6,47.95,194.68
array-dblclockfft_butterfly_ck1-p351,unsat,0,5,0,-1,-1,-1,2.26,1452.71,304.72,2.2,,84.0,5845.0,2671.0,1252.186,5848.66
array-dblclockfft_butterfly_ck1-p352,unsat,0,5,0,-1,-1,-1,0.68,296.93,62.638,0.6,,49.0,3905.0,1542.8,258.392,1195.31
array-dblclockfft_butterfly_ck1-p354,unsat,0,5,0,-1,-1,-1,1.02,552.52,115.90599999999999,1.0,,62.0,4730.0,1932.2,477.248,2224.39
array-dblclockfft_butterfly_ck1-p359,unsat,0,5,0,-1,-1,-1,0.28,48.8,11.206,0.2,,29.0,2766.0,944.8,48.338,195.72
array-dblclockfft_butterfly_ck1-p372,unsat,0,5,0,-1,-1,-1,4.62,1452.43,312.03200000000004,4.69,,94.0,6703.0,2765.0,1273.5020000000002,5848.02
array-dblclockfft_butterfly_ck1-p375,unsat,0,5,0,-1,-1,-1,3.98,1163.04,254.102,3.9,,102.0,5371.0,2461.6,1031.822,4683.12
array-dblclockfft_butterfly_ck1-p386,unsat,0,5,0,-1,-1,-1,1.01,420.36,89.64,1.0,,53.0,4063.0,1739.0,370.402,1692.43
array-dblclockfft_butterfly_ck1-p420,unsat,0,5,0,-1,-1,-1,0.52,412.32,85.152,0.5,,39.0,3547.0,1511.2,348.542,1659.84
array-dblclockfft_butterfly_ck1-p422,unsat,0,5,0,-1,-1,-1,0.2,25.1,5.69,0.09,,20.0,985.0,471.8,22.162,100.45
array-dblclockfft_butterfly_ck1-p428,unsat,0,5,0,-1,-1,-1,0.36,85.36,18.66,0.29,,34.0,2868.0,1054.0,78.774,343.22
array-dblclockfft_butterfly_ck1-p432,unsat,0,5,0,-1,-1,-1,0.14,2.83,1.288,0.09,,20.0,1831.0,519.6,6.094,15.89
array-dblclockfft_butterfly_ck1-p434,unsat,0,5,0,-1,-1,-1,0.29,48.65,11.166,0.2,,29.0,2526.0,887.2,48.43,195.48
array-dblclockfft_butterfly_ck1-p436,unsat,0,5,0,-1,-1,-1,0.54,205.52,43.84,0.5,,45.0,3292.0,1281.2,182.874,827.06
array-dblclockfft_butterfly_ck1-p454,unsat,0,5,0,-1,-1,-1,0.35,137.12,29.400000000000002,0.29,,32.0,3142.0,1139.2,122.468,551.48
array-dblclockfft_butterfly_ck1-p455,unsat,0,5,0,-1,-1,-1,0.49,412.96,86.50999999999999,0.5,,39.0,4163.0,1621.8,359.16400000000004,1662.64
array-dblclockfft_butterfly_ck2_r0-p043,unsat,0,5,0,-1,-1,-1,0.82,95.28,27.23,0.7,,40.0,2312.0,968.6,107.114,383.12
array-dblclockfft_butterfly_ck2_r0-p048,unsat,0,5,0,-1,-1,-1,0.1,1.49,0.854,0.0,,0.0,1352.0,371.8,3.93,13.13
array-dblclockfft_butterfly_ck2_r0-p061,unsat,0,5,0,-1,-1,-1,0.13,3.63,1.336,0.09,,17.0,1502.0,446.2,6.212,14.74
array-dblclockfft_butterfly_ck2_r0-p064,unsat,0,5,0,-1,-1,-1,1.06,134.98,31.485999999999997,0.99,,43.0,2492.0,1011.2,130.51399999999998,543.05
array-dblclockfft_butterfly_ck2_r0-p075,unsat,0,5,0,-1,-1,-1,0.55,66.32,15.411999999999999,0.49,,33.0,2147.0,829.6,64.62,266.31
array-dblclockfft_butterfly_ck2_r0-p095,unsat,0,5,0,-1,-1,-1,5.0,1154.09,264.57399999999996,4.89,,115.0,5927.0,2482.4,1115.652,4647.28
array-dblclockfft_butterfly_ck2_r0-p096,unsat,0,5,0,-1,-1,-1,12.5,1169.92,304.056,12.4,,105.0,5858.0,2458.6,1313.1119999999999,4710.78
array-dblclockfft_butterfly_ck2_r0-p098,unsat,0,5,0,-1,-1,-1,0.15,6.44,2.0,0.1,,17.0,1701.0,511.4,8.938,25.54
array-dblclockfft_butterfly_ck2_r0-p100,unsat,0,5,0,-1,-1,-1,0.23,15.9,4.058,0.2,,24.0,1911.0,610.0,17.48,63.44
array-dblclockfft_butterfly_ck2_r0-p101,unsat,0,5,0,-1,-1,-1,9.19,1158.63,300.706,9.09,,106.0,5693.0,2493.6,1265.978,4664.56
array-dblclockfft_butterfly_ck2_r0-p103,unsat,0,5,0,-1,-1,-1,3.02,298.23,67.626,2.99,,59.0,2869.0,1309.4,278.996,1200.73
array-dblclockfft_butterfly_ck2_r0-p106,unsat,0,5,0,-1,-1,-1,1.32,1101.53,230.73,1.29,,45.0,5827.0,2241.2,927.08,4309.34
array-dblclockfft_butterfly_ck2_r0-p129,unsat,0,5,0,-1,-1,-1,9.07,1153.97,280.514,8.99,,160.0,5570.0,2436.0,1172.714,4646.96
array-dblclockfft_butterfly_ck2_r0-p134,unsat,0,5,0,-1,-1,-1,12.96,1508.45,553.852,12.87,,80.0,5742.0,2515.6,2073.64,4664.21
array-dblclockfft_butterfly_ck2_r0-p152,unsat,0,5,0,-1,-1,-1,0.09,1.48,0.798,0.0,,0.0,1380.0,374.6,3.6580000000000004,12.72
array-dblclockfft_butterfly_ck2_r0-p155,unsat,0,5,0,-1,-1,-1,4.81,821.33,193.93200000000002,4.7,,88.0,5570.0,2125.4,813.15,3307.25
array-dblclockfft_butterfly_ck2_r0-p159,unsat,0,5,0,-1,-1,-1,10.07,1147.12,279.28999999999996,9.99,,93.0,5666.0,2497.0,1179.74,4619.39
array-dblclockfft_butterfly_ck2_r0-p168,unsat,0,5,0,-1,-1,-1,0.59,77.81,22.346,0.7,,33.0,3189.0,1084.0,92.378,312.71
array-dblclockfft_butterfly_ck2_r0-p171,unsat,0,5,0,-1,-1,-1,0.68,63.39,19.286,0.7,,33.0,3200.0,1058.8,80.088,254.7
array-dblclockfft_butterfly_ck2_r0-p173,unsat,0,5,0,-1,-1,-1,6.32,1132.53,278.698,6.3,,102.0,5780.0,2299.0,1165.228,4560.24
array-dblclockfft_butterfly_ck2_r0-p185,unsat,0,5,0,-1,-1,-1,1.74,294.42,69.42,1.69,,51.0,3733.0,1484.4,285.22,1184.46
array-dblclockfft_butterfly_ck2_r0-p188,unsat,0,5,0,-1,-1,-1,18.4,1157.57,359.65599999999995,18.29,,106.0,5750.0,2347.6,1458.416,4661.32
array-dblclockfft_butterfly_ck2_r0-p218,unsat,0,5,0,-1,-1,-1,13.15,2968.96,849.322,13.09,,89.0,6234.0,2695.2,3001.864,8905.03
array-dblclockfft_butterfly_ck2_r0-p232,unsat,0,5,0,-1,-1,-1,0.28,28.65,6.548,0.2,,21.0,1450.0,565.6,26.852,114.93
array-dblclockfft_butterfly_ck2_r0-p239,unsat,0,5,0,-1,-1,-1,0.42,96.52,20.669999999999998,0.4,,28.0,1618.0,758.8,83.41199999999999,388.32
array-dblclockfft_butterfly_ck2_r0-p249,unsat,0,5,0,-1,-1,-1,0.24,15.85,3.9979999999999998,0.19,,24.0,1859.0,601.0,17.134,63.41
array-dblclockfft_butterfly_ck2_r0-p253,unsat,0,5,0,-1,-1,-1,10.55,827.45,225.80200000000002,10.5,,75.0,4309.0,1940.2,950.802,3332.14
array-dblclockfft_butterfly_ck3_r0-p021,unsat,0,5,0,-1,-1,-1,35.64,525.31,230.702,35.59,,91.0,5063.0,1869.2,940.872,1978.04
array-dblclockfft_butterfly_ck3_r0-p029,unsat,0,5,0,-1,-1,-1,1.4,26.21,11.132,1.4,,36.0,3144.0,951.8,52.246,104.78
array-dblclockfft_butterfly_ck3_r0-p042,unsat,0,5,0,-1,-1,-1,3.8,444.64,116.232,3.7,,87.0,4813.0,1880.0,488.918,1789.75
array-dblclockfft_butterfly_ck3_r0-p048,unsat,0,5,0,-1,-1,-1,2.11,450.34,118.532,1.99,,66.0,4732.0,1808.6,497.22200000000004,1812.64
array-dblclockfft_butterfly_ck3_r0-p051,unsat,0,4,0,-1,-1,-1,9.12,3600.1,902.056,9.0,,65.0,6420.0,2520.4,2561.428,7975.82
array-dblclockfft_butterfly_ck3_r0-p052,unsat,0,5,0,-1,-1,-1,0.4,11.89,4.164000000000001,0.3,,20.0,1156.0,473.8,15.751999999999999,47.3
array-dblclockfft_butterfly_ck3_r0-p053,unsat,0,5,0,-1,-1,-1,7.88,787.25,227.062,7.8,,124.0,4408.0,2100.0,938.004,3169.63
array-dblclockfft_butterfly_ck3_r0-p056,unsat,0,5,0,-1,-1,-1,0.4,11.02,4.764,0.3,,19.0,2157.0,644.6,18.704,35.19
array-dblclockfft_butterfly_ck3_r0-p066,unsat,0,5,0,-1,-1,-1,3.98,448.66,121.602,3.87,,88.0,4785.0,1881.4,503.318,1805.76
array-dblclockfft_butterfly_ck3_r0-p082,unsat,0,5,0,-1,-1,-1,2.68,398.36,112.64,2.57,,48.0,4257.0,1665.4,432.312,1603.55
array-dblclockfft_butterfly_ck3_r0-p090,unsat,0,5,0,-1,-1,-1,7.09,782.27,209.882,6.97,,124.0,4608.0,2131.6,868.082,3149.43
array-dblclockfft_butterfly_ck3_r0-p111,unsat,0,5,0,-1,-1,-1,20.25,817.54,360.202,20.19,,108.0,5073.0,2193.2,1409.972,3253.53
array-dblclockfft_butterfly_ck3_r0-p119,unsat,0,5,0,-1,-1,-1,0.44,40.37,14.392,0.39,,21.0,776.0,451.8,24.186,102.41
array-dblclockfft_butterfly_ck3_r1-p022,unsat,0,5,0,-1,-1,-1,1.95,125.03,42.772,1.89,,45.0,2704.0,1074.0,169.81,503.12
array-dblclockfft_butterfly_ck3_r1-p024,unsat,0,5,0,-1,-1,-1,0.43,13.04,5.058,0.4,,22.0,2219.0,681.4,21.786,37.52
array-dblclockfft_butterfly_ck3_r1-p030,unsat,0,5,0,-1,-1,-1,0.18,6.85,2.546,0.1,,15.0,1675.0,510.4,10.24,18.91
array-dblclockfft_butterfly_ck3_r1-p047,unsat,0,5,0,-1,-1,-1,4.04,534.99,143.622,3.99,,94.0,5430.0,2152.8,612.148,2153.76
array-dblclockfft_butterfly_ck3_r1-p049,unsat,0,3,1,-1,-1,-1,10.72,3600.09,937.9540000000001,10.6,,72.0,6838.0,2789.8,2802.33,8221.93
array-dblclockfft_butterfly_ck3_r1-p054,unsat,0,5,0,-1,-1,-1,2.19,455.14,111.372,2.09,,55.0,4757.0,1769.8,463.536,1831.96
array-dblclockfft_butterfly_ck3_r1-p059,unsat,0,5,0,-1,-1,-1,87.99,2133.76,611.3000000000001,87.89,,144.0,9131.0,3214.0,3159.884,8591.57
array-dblclockfft_butterfly_ck3_r1-p086,unsat,0,5,0,-1,-1,-1,4.84,553.32,159.29600000000002,4.77,,86.0,5098.0,2127.2,654.634,2227.73
array-dblclockfft_butterfly_ck3_r1-p119,unsat,0,5,0,-1,-1,-1,41.42,672.93,283.226,41.4,,114.0,5709.0,2197.4,1145.048,2335.25
array-dblclockfft_butterfly_ck3_r1-p127,unsat,0,5,0,-1,-1,-1,2.65,156.39,42.94199999999999,2.6,,50.0,2696.0,1126.0,176.054,629.05
array-dblclockfft_butterfly_ck3_r1-p137,unsat,0,5,0,-1,-1,-1,0.84,72.79,21.838,0.79,,35.0,2624.0,1002.0,89.85600000000001,292.6
array-dblclockfft_butterfly_ck3_r1-p145,unsat,0,5,0,-1,-1,-1,0.31,18.24,5.628,0.19,,21.0,1838.0,635.0,22.348,73.07
array-dblclockfft_butterfly_ck3_r1-p157,unsat,0,4,0,-1,-1,-1,80.74,3600.1,1262.4660000000001,80.7,,146.0,8864.0,3743.2,5143.8279999999995,10798.3
array-dblclockfft_butterfly_ck3_r1-p159,unsat,0,5,0,-1,-1,-1,34.87,1703.35,656.818,34.77,,99.0,5891.0,2855.8,2542.806,5538.97
array-dblclockfft_butterfly_ck3_r2-p010,unsat,0,5,0,-1,-1,-1,2.49,85.72,35.288,2.4,,42.0,4491.0,1422.2,156.33,344.36
array-dblclockfft_butterfly_ck3_r2-p015,unsat,0,4,0,-1,-1,-1,13.65,3600.1,934.4019999999999,13.59,,85.0,4800.0,2403.6,3120.516,10798.39
array-dblclockfft_butterfly_ck3_r2-p021,unsat,0,5,0,-1,-1,-1,4.32,202.54,55.6,4.29,,67.0,4760.0,1641.2,250.298,815.36
array-dblclockfft_butterfly_ck3_r2-p029,unsat,0,4,0,-1,-1,-1,73.46,3600.1,1312.138,73.39,,147.0,8129.0,3786.6,5099.594,10798.56
array-dblclockfft_butterfly_ck3_r2-p042,unsat,0,4,0,-1,-1,-1,188.0,3600.09,1652.394,187.89,,177.0,13994.0,6405.0,7726.928,13632.47
array-dblclockfft_butterfly_ck3_r2-p052,unsat,0,5,0,-1,-1,-1,1.49,86.41,27.352,1.6,,35.0,4060.0,1238.4,113.386,257.7
array-dblclockfft_butterfly_ck3_r2-p059,unsat,0,5,0,-1,-1,-1,0.19,7.02,2.672,0.1,,16.0,1854.0,553.8,10.954,19.41
array-dblclockfft_butterfly_ck3_r2-p060,unsat,0,5,0,-1,-1,-1,2.79,183.76,50.034,2.7,,54.0,2721.0,1178.8,202.804,739.31
array-dblclockfft_butterfly_ck3_r2-p079,unsat,0,5,0,-1,-1,-1,1.53,530.59,114.21000000000001,2.3,,43.0,2683.0,1173.2,454.38,2135.93
array-dblclockfft_butterfly_ck3_r2-p093,unsat,0,5,0,-1,-1,-1,5.33,623.04,168.416,5.3,,108.0,5510.0,2210.6,706.612,2508.64
array-dblclockfft_butterfly_ck3_r2-p114,unsat,0,5,0,-1,-1,-1,0.45,43.32,9.91,0.4,,26.0,887.0,508.4,38.222,174.02
array-dblclockfft_butterfly_ck3_r2-p133,unsat,0,5,0,-1,-1,-1,3.44,99.7,32.682,3.36,,58.0,4445.0,1436.6,163.46800000000002,400.48
array-dblclockfft_butterfly_ck3_r2-p146,unsat,0,5,0,-1,-1,-1,36.08,1521.52,568.494,36.0,,144.0,6148.0,3009.6,2183.966,4562.88
array-dblclockfft_butterfly_ck3_r2-p148,unsat,0,5,0,-1,-1,-1,0.87,86.6,24.906,0.8,,39.0,2771.0,1097.8,102.356,348.14
array-dblclockfft_butterfly_ck3_r2-p151,unsat,0,5,0,-1,-1,-1,6.2,648.49,220.282,6.09,,68.0,4226.0,2053.2,818.038,1943.32
array-dblclockfft_butterfly_ck3_r2-p154,unsat,0,5,0,-1,-1,-1,16.16,2398.9,631.662,16.09,,101.0,4607.0,2157.6,2160.812,7195.24
array-dblclockfft_butterfly_ck3_r2-p155,unsat,0,5,0,-1,-1,-1,4.92,625.61,171.998,4.89,,104.0,5543.0,2163.0,712.494,2518.77
array-dblclockfft_butterfly_ck3_r2-p156,unsat,0,5,0,-1,-1,-1,0.42,330.44,74.4,1.18,,38.0,2489.0,1028.6,291.95000000000005,1330.38
array-dblclockfft_butterfly_ck3_r2-p173,unsat,0,5,0,-1,-1,-1,2.47,182.11,52.804,2.39,,56.0,3164.0,1314.6,213.506,732.74
array-easy_zero_array,unsat,0,1,1,-1,-1,-1,0.72,3600.1,2875.488,0.74,,63.0,10187.0,4185.8,13913.890000000001,50073.22
array-marlann_compute_fail1-p0,sat,5,0,0,-1,-1,-1,0.19,40.43,8.396,0.21,,48.0,1384.0,354.0,2.452,10.49
array-marlann_compute_fail1-p1,unsat,0,5,0,-1,-1,-1,0.21,27.5,7.332,0.1,,11.0,1215.0,354.2,9.846,23.36
array-marlann_compute_fail1-p2,unsat,0,5,0,-1,-1,-1,0.19,34.8,11.292,0.1,,11.0,1308.0,379.2,14.676,60.19
array-marlann_compute_fail2-p1,sat,5,0,0,-1,-1,-1,0.18,36.18,8.516,0.19,,12.0,1464.0,386.8,6.542,15.95
array-marlann_compute_fail2-p2,sat,5,0,0,-1,-1,-1,0.24,40.72,9.326,0.09,,12.0,943.0,274.2,4.2299999999999995,13.59
array-picorv32-check-p01,unsat,0,2,2,-1,-1,-1,2.49,3600.09,749.522,2.69,,207.0,3458.0,1671.4,793.756,3599.96
array-picorv32-check-p06,unsat,0,2,2,-1,-1,-1,3.22,3600.09,739.4300000000001,9.22,,271.0,2838.0,1223.0,760.152,3599.94
array-picorv32-check-p08,unsat,0,2,2,-1,-1,-1,2.4,3600.09,758.6840000000001,6.47,,193.0,3958.0,1532.6,818.128,3599.88
array-picorv32-check-p09,unsat,0,2,2,-1,-1,-1,2.99,3600.09,732.922,2.16,,340.0,2486.0,1005.8,738.184,3599.94
array-picorv32-check-p10,unsat,0,2,3,-1,-1,-1,4.77,77.36,33.554,5.73,,131.0,3176.0,1033.8,86.068,230.26
array-picorv32-check-p14,unsat,0,2,2,-1,-1,-1,6.29,3600.1,745.482,18.48,,434.0,3038.0,1606.8,784.3679999999999,3599.87
array-picorv32-check-p18,unsat,0,2,2,-1,-1,-1,5.37,3600.09,742.572,3.9,,360.0,3162.0,1341.8,770.65,3599.94
array-picorv32_mutAX_mem-p0,unknown,0,0,2,-1,-1,-1,1741.28,3600.1,3223.386,3599.98,,482.0,12934.0,5476.8,16687.489999999998,47562.67
array-picorv32_mutAX_mem-p7,sat,4,0,0,-1,-1,-1,58.7,3600.1,797.158,94.36,,308.0,9285.0,3227.8,2754.18,10764.06
array-picorv32_mutAY_mem-p5,sat,4,0,0,-1,-1,-1,47.5,3600.09,779.8580000000001,89.4,,272.0,4829.0,2196.0,2590.6459999999997,10798.38
array-picorv32_mutAY_mem-p6,sat,4,0,0,-1,-1,-1,68.22,3600.1,827.1519999999999,140.76,,276.0,4511.0,1946.0,2978.8399999999997,10798.06
array-picorv32_mutAY_mem-p8,sat,4,0,0,-1,-1,-1,37.45,3600.09,780.8620000000001,74.29,,208.0,4369.0,1835.4,2636.634,10798.67
array-picorv32_mutBX_mem-p1,sat,4,0,0,-1,-1,-1,298.94,3600.1,1113.194,510.69,,364.0,8753.0,3870.0,5050.716,11502.62
array-picorv32_mutBX_mem-p2,sat,4,0,0,-1,-1,-1,300.52,3600.1,1156.286,574.1,,397.0,9240.0,4115.6,5602.126,14050.85
array-picorv32_mutBX_mem-p5,sat,4,0,0,-1,-1,-1,184.79,3600.1,973.62,267.09,,379.0,10015.0,3952.0,4275.518,10761.14
array-picorv32_mutBX_mem-p6,sat,4,0,0,-1,-1,-1,455.8,3600.1,1202.2259999999999,557.08,,427.0,9518.0,3771.6,5491.512,12175.72
array-picorv32_mutBX_mem-p7,sat,4,0,0,-1,-1,-1,1079.58,3600.1,2057.792,2237.13,,469.0,12407.0,5165.4,10615.142,31185.99
array-picorv32_mutBY_mem-p4,sat,4,0,0,-1,-1,-1,46.61,3600.09,808.07,77.49,,237.0,5769.0,1996.2,2982.562,10798.76
array-picorv32_mutBY_mem-p8,unknown,0,0,3,-1,-1,-1,750.53,3600.1,2560.08,3021.33,,429.0,11815.0,3557.4,13581.26,45352.11
array-picorv32_mutCX_mem-p0,sat,4,0,0,-1,-1,-1,313.62,3600.1,1154.334,677.27,,360.0,8974.0,4005.8,5332.612,12668.34
array-picorv32_mutCX_mem-p3,sat,4,0,0,-1,-1,-1,235.68,3600.1,995.842,371.99,,338.0,9533.0,3890.4,4102.368,10759.68
array-picorv32_mutCX_mem-p7,sat,4,0,0,-1,-1,-1,979.27,3600.09,2142.654,2276.57,,513.0,13127.0,5243.6,11121.128,32223.49
array-picorv32_mutCY_mem-p1,sat,4,0,0,-1,-1,-1,214.48,3600.1,1042.62,427.68,,301.0,8595.0,2911.4,4471.066,10798.25
array-picorv32_mutCY_mem-p3,sat,4,0,0,-1,-1,-1,172.37,3600.1,923.886,343.28,,297.0,6019.0,2291.0,3451.46,10798.6
array-picorv32_mutCY_mem-p8,unknown,0,0,1,-1,-1,-1,3575.34,3600.1,3595.146,3600.01,,446.0,9603.0,3559.4,17500.862,44111.25
array-ponylink-slaveTXlen-unsat,unsat,0,1,1,-1,-1,-1,2988.98,3600.11,3472.728,2988.82,,1167.0,98426.0,27166.2,19898.97,56711.13
array-ridecore_array_unknown,unknown,0,0,1,-1,-1,-1,3574.82,3600.1,3595.04,3599.9,,2929.0,20595.0,7669.6,17698.522,45097.68
array-ridecore_array_unsafe,sat,2,0,1,-1,-1,-1,66.1,3600.1,1763.282,267.09,,1791.0,10600.0,4731.6,4025.936,10795.64
array-simple-stack-pred1,unknown,0,0,1,-1,-1,-1,3572.83,3600.1,3594.644,3599.86,,2490.0,12847.0,5882.6,16398.63,53024.77
array-zipcpu-zipmmu-p00,unsat,0,2,0,-1,-1,-1,168.59,3600.1,2283.838,1348.87,,683.0,11812.0,4227.4,6271.294,12356.59
array-zipcpu-zipmmu-p01,unsat,0,2,0,-1,-1,-1,80.27,3600.1,2334.196,664.19,,436.0,8158.0,3427.4,6398.36,12793.48
array-zipcpu-zipmmu-p06,unsat,0,2,0,-1,-1,-1,101.9,3600.1,2230.924,755.39,,862.0,20697.0,6233.4,5614.562,11373.47
array-zipcpu-zipmmu-p26,unsat,0,1,0,-1,-1,-1,132.44,3600.09,2479.6820000000002,1406.4,,656.0,122906.0,30221.0,6685.244000000001,12100.93
array-zipcpu-zipmmu-p28,unsat,0,5,0,-1,-1,-1,1.62,45.38,18.166,1.56,,16.0,1086.0,353.4,41.04,134.6
array-zipcpu-zipmmu-p29,unsat,0,2,0,-1,-1,-1,105.07,3600.1,2439.116,1091.48,,503.0,5010.0,2770.2,7087.026,14165.51
array-zipcpu-zipmmu-p31,unsat,0,4,0,-1,-1,-1,0.46,3600.1,727.74,0.89,,82.0,1161.0,452.4,722.114,3599.94
array-zipcpu-zipmmu-p34,unsat,0,4,0,-1,-1,-1,8.63,3600.09,862.8720000000001,24.52,,381.0,2132.0,1036.6,1133.464,3599.9
array-zipcpu-zipmmu-p41,unsat,0,4,0,-1,-1,-1,149.95,3600.1,1457.904,728.77,,199.0,6187.0,3221.2,4348.586,10798.96
array-zipcpu_zipcpu_dcache-p019,unsat,0,5,0,-1,-1,-1,0.43,2.38,1.0979999999999999,0.4,,33.0,1598.0,459.4,4.772,15.43
array-zipcpu_zipcpu_dcache-p028,unsat,0,1,0,-1,-1,-1,17.69,3600.1,2883.614,262.51,,2446.0,60406.0,20702.6,8730.384,14496.42
array-zipcpu_zipcpu_dcache-p034,unsat,0,2,0,-1,-1,-1,3.58,3600.12,2224.96,41.4,,2391.0,69767.0,22066.6,6719.324,14499.1
array-zipcpu_zipcpu_dcache-p041,unsat,0,5,0,-1,-1,-1,0.62,15.02,3.768,0.7,,50.0,1654.0,580.4,12.690000000000001,42.6
array-zipcpu_zipcpu_dcache-p059,unsat,0,5,0,-1,-1,-1,0.19,1.56,0.786,0.1,,19.0,1303.0,371.4,3.428,12.7
array-zipcpu_zipcpu_dcache-p068,unsat,0,1,0,-1,-1,-1,8.07,3600.12,2872.54,108.96,,2238.0,122900.0,39332.2,8663.444,14497.12
array-zipcpu_zipcpu_dcache-p071,unsat,0,3,0,-1,-1,-1,1.54,3600.1,2049.3160000000003,14.2,,1305.0,55719.0,19186.6,6055.148,14497.75
array-zipcpu_zipcpu_dcache-p072,unsat,0,2,0,-1,-1,-1,9.38,3600.1,2401.196,129.4,,2643.0,26283.0,12167.8,7262.19,14497.81
array-zipcpu_zipcpu_dcache-p079,unsat,0,1,0,-1,-1,-1,82.79,3600.1,2896.636,1305.81,,2455.0,39075.0,18282.2,8585.682,14499.7
array-zipcpu_zipcpu_dcache-p082,unsat,0,4,0,-1,-1,-1,3.39,3600.09,1983.338,37.51,,2451.0,77761.0,19771.0,5717.106,12880.4
array-zipcpu_zipcpu_dcache-p085,unsat,0,5,0,-1,-1,-1,0.19,1.57,0.798,0.1,,19.0,1430.0,398.2,3.6300000000000003,13.63
array-zipcpu_zipcpu_dcache-p088,unsat,0,5,0,-1,-1,-1,0.43,2.42,1.1099999999999999,0.4,,33.0,1586.0,461.2,4.819999999999999,15.37
array-zipcpu_zipcpu_dcache-p090,unsat,0,5,0,-1,-1,-1,0.5,4.76,1.6099999999999999,0.4,,32.0,1707.0,503.0,6.5520000000000005,16.82
array-zipcpu_zipcpu_dcache-p097,unsat,0,5,0,-1,-1,-1,0.47,2.99,1.236,0.39,,32.0,1669.0,483.2,5.244,15.78
array-zipcpu_zipcpu_dcache-p126,unknown,0,0,1,-1,-1,-1,3573.19,3600.11,3594.718,3600.0,,1755.0,43326.0,16732.6,18770.052,50457.61
array-zipcpu_zipcpu_dcache-p138,unknown,0,0,1,-1,-1,-1,2845.9,3600.12,3444.178,3599.99,,732.0,122888.0,37289.0,17952.136,49407.14
array-zipcpu_zipcpu_dcache-p141,unknown,0,0,1,-1,-1,-1,3491.5,3600.1,3573.018,3599.94,,934.0,122896.0,36857.6,19010.356,52096.1
array-zipcpu_zipcpu_dcache-p158,unsat,0,1,0,-1,-1,-1,55.53,3600.1,2891.1820000000002,868.54,,2404.0,63036.0,18874.0,8852.02,14497.21
array-zipcpu_zipcpu_dcache-p159,unsat,0,4,0,-1,-1,-1,1.73,3600.09,1069.662,17.28,,1810.0,17348.0,6013.4,2100.804,4625.04
array-zipcpu_zipcpu_dcache-p164,unknown,0,0,1,-1,-1,-1,3556.39,3600.11,3591.36,3599.87,,1613.0,90541.0,32920.6,20064.792,56931.85
array-zipcpu_zipcpu_dcache-p179,unsat,0,2,0,-1,-1,-1,36.98,3600.1,2219.516,571.62,,2200.0,40743.0,17110.4,6788.9800000000005,14498.2
array-zipcpu_zipcpu_dcache-p192,unsat,0,2,0,-1,-1,-1,20.18,3600.1,2236.52,302.37,,2085.0,81523.0,25135.6,6796.158,14497.95
array-zipcpu_zipcpu_dcache-p199,unsat,0,5,0,-1,-1,-1,0.43,6.54,1.934,0.39,,33.0,1676.0,507.8,7.364,17.0
array-zipcpu_zipcpu_dcache-p209,unsat,0,2,0,-1,-1,-1,9.48,3600.1,2548.558,131.1,,2557.0,43802.0,15336.4,7704.638,14498.95
array-zipcpu_zipcpu_dcache-p211,unsat,0,3,0,-1,-1,-1,3.25,3600.1,1688.738,35.4,,2512.0,32019.0,10130.8,4556.738,14498.19
array-zipcpu_zipcpu_dcache-p229,unknown,0,0,1,-1,-1,-1,3574.81,3600.1,3595.04,3599.96,,1319.0,113089.0,41369.2,17780.076,45510.79
array-zipcpu_zipcpu_dcache-p236,unsat,0,5,0,-1,-1,-1,0.64,153.07,31.41,0.79,,49.0,2426.0,920.4,95.834,456.79
array-zipcpu_zipcpu_dcache-p237,unsat,0,3,0,-1,-1,-1,1.67,3600.12,1801.756,16.27,,1768.0,22202.0,9759.6,5038.354,14496.97
array-zipcpu_zipcpu_dcache-p238,unsat,0,4,0,-1,-1,-1,1.8,3600.09,1485.18,17.27,,1739.0,13559.0,6245.2,3723.6400000000003,7497.93
array-zipcpu_zipcpu_dcache-p242,unsat,0,4,0,-1,-1,-1,1.59,3600.09,964.568,13.42,,1486.0,9365.0,3475.2,1665.184,3901.47
array-zipcpu_zipcpu_dcache-p286,unsat,0,2,0,-1,-1,-1,16.33,3600.1,2307.008,239.69,,2264.0,39200.0,12483.2,6997.21,14497.28
array-zipcpu_zipcpu_dcache-p293,unsat,0,4,0,-1,-1,-1,1.65,3600.1,741.078,15.33,,860.0,2255.0,1493.6,789.612,3599.9
array-zipcpu_zipcpu_dcache-p301,unsat,0,5,0,-1,-1,-1,0.64,11.42,3.078,0.7,,50.0,1654.0,572.2,10.92,31.71
array-zipcpu_zipcpu_dcache-p304,unsat,0,5,0,-1,-1,-1,0.11,1.56,0.72,0.0,,0.0,1378.0,366.2,3.308,13.16
array-zipcpu_zipcpu_dcache-p340,unknown,0,0,1,-1,-1,-1,3575.97,3600.1,3595.274,3599.97,,1045.0,64683.0,21387.2,18316.41,48190.26
array-zipcpu_zipcpu_dcache-p351,unsat,0,5,0,-1,-1,-1,0.19,1.36,0.708,0.09,,19.0,1216.0,344.2,2.846,10.46
array-zipcpu_zipcpu_dcache-p360,unknown,0,0,1,-1,-1,-1,3118.6,3600.1,3499.072,3599.97,,1476.0,122884.0,43741.8,19304.874,55070.32
array-zipcpu_zipcpu_dcache-p362,unsat,0,2,0,-1,-1,-1,1.74,3600.11,2213.398,17.56,,1791.0,57784.0,20052.6,6681.188,14498.77
array-zipcpu_zipcpu_dcache-p377,unsat,0,5,0,-1,-1,-1,0.2,1.51,0.778,0.1,,18.0,1167.0,343.2,3.074,11.0
array-zipcpu_zipcpu_dcache-p388,unsat,0,2,0,-1,-1,-1,47.68,3600.1,2430.41,743.78,,2330.0,122908.0,36365.8,7196.128,14498.78
array-zipcpu_zipcpu_dcache-p407,unsat,0,1,0,-1,-1,-1,374.34,3600.1,2954.946,3599.92,,2251.0,81570.0,28702.2,9873.62,14497.87
array-zipcpu_zipcpu_dcache-p428,unsat,0,5,0,-1,-1,-1,1.42,211.85,44.528,1.99,,79.0,2518.0,1041.4,135.612,633.03
array-zipcpu_zipcpu_dcache-p429,unsat,0,5,0,-1,-1,-1,0.42,6.7,1.954,0.39,,31.0,1566.0,489.6,7.342,17.57
array-zipcpu_zipcpu_dcache-p438,unsat,0,4,0,-1,-1,-1,1.52,3600.09,978.4920000000001,12.37,,1391.0,9093.0,4317.4,1743.492,3599.92
array-zipcpu_zipcpu_dcache-p440,unsat,0,2,0,-1,-1,-1,8.03,3600.1,2246.068,105.33,,2489.0,82159.0,21562.0,6792.75,14497.55
array-zipcpu_zipcpu_dcache-p451,unsat,0,4,0,-1,-1,-1,2.01,3600.1,1635.128,20.08,,1266.0,14623.0,7500.2,3951.922,6640.4
array-zipcpu_zipcpu_dcache-p476,unsat,0,2,0,-1,-1,-1,29.23,3600.1,2320.09,442.87,,2505.0,86530.0,27310.2,7069.286,14497.89
array-zipcpu_zipcpu_dcache-p504,unsat,0,4,0,-1,-1,-1,1.66,3600.09,842.6700000000001,15.83,,1662.0,4476.0,2893.8,1192.912,3599.97
array-zipcpu_zipcpu_dcache-p506,unknown,0,0,1,-1,-1,-1,3575.3,3600.1,3595.138,3600.03,,1652.0,46229.0,20756.4,17258.536,42899.93
array-zipcpu_zipcpu_dcache-p515,unsat,0,5,0,-1,-1,-1,0.42,2.43,1.076,0.39,,31.0,1368.0,414.0,4.074,11.85
array-zipcpu_zipcpu_dcache-p519,unknown,0,0,1,-1,-1,-1,3318.0,3600.1,3534.918,3599.92,,1003.0,122903.0,43594.2,18935.886,55540.68
array-zipcpu_zipcpu_dcache-p525,unsat,0,5,0,-1,-1,-1,0.64,13.74,3.5060000000000002,0.69,,49.0,1512.0,551.0,11.658,38.62
array-zipcpu_zipcpu_dcache-p527,unsat,0,1,0,-1,-1,-1,880.32,3600.11,3056.1440000000002,3599.9,,1585.0,32575.0,16385.6,11494.894,14498.42
array-zipcpu_zipcpu_dcache-p531,unsat,0,5,0,-1,-1,-1,0.62,21.32,5.01,0.69,,49.0,1490.0,572.8,16.131999999999998,61.41
array-zipcpu_zipcpu_dcache-p550,unsat,0,1,0,-1,-1,-1,1466.29,3600.1,3173.334,3599.91,,1665.0,82403.0,26454.6,13372.334,23467.02
array-zipcpu_zipcpu_dcache-p563,unknown,0,0,1,-1,-1,-1,3573.03,3600.1,3594.686,3599.99,,1833.0,44498.0,23325.0,19195.556,52586.6
array-zipcpu_zipcpu_dcache-p570,unsat,0,4,0,-1,-1,-1,7.81,3600.1,946.626,102.87,,1913.0,7671.0,4329.2,1621.654,3599.91
array-zipcpu_zipcpu_dcache-p577,unsat,0,4,0,-1,-1,-1,10.93,3600.1,958.506,155.52,,1803.0,5704.0,3535.4,1666.632,3790.33
array-zipcpu_zipcpu_dcache-p578,unsat,0,2,0,-1,-1,-1,29.92,3600.1,2292.782,457.8,,2209.0,17394.0,8295.6,6990.314,14499.51
array-zipcpu_zipcpu_dcache-p579,unsat,0,1,0,-1,-1,-1,2227.41,3600.1,3325.56,3599.96,,1391.0,100681.0,30788.6,15811.144,35660.49
array-zipcpu_zipcpu_dcache-p582,unknown,0,0,1,-1,-1,-1,3575.64,3600.11,3595.208,3599.88,,1170.0,24553.0,14302.0,18897.356,53684.11
array-zipcpu_zipcpu_dcache-p588,unsat,0,5,0,-1,-1,-1,0.74,175.35,35.89,0.79,,51.0,2018.0,813.6,108.83800000000001,523.48
array-zipcpu_zipcpu_dcache-p595,unknown,0,0,1,-1,-1,-1,3562.68,3600.1,3592.612,3599.97,,1788.0,64865.0,23943.2,20067.434,56944.44
array-zipcpu_zipcpu_piped-p013,unsat,0,5,0,-1,-1,-1,0.31,1.98,0.886,0.2,,20.0,1249.0,364.2,3.38,10.79
array-zipcpu_zipcpu_piped-p015,unsat,0,5,0,-1,-1,-1,0.32,1.94,0.922,0.3,,27.0,1453.0,403.0,4.042,14.1
array-zipcpu_zipcpu_piped-p020,unsat,0,5,0,-1,-1,-1,0.32,1.94,0.896,0.3,,25.0,1286.0,372.2,3.434,10.81
array-zipcpu_zipcpu_piped-p033,unsat,0,5,0,-1,-1,-1,0.07,1.41,0.618,0.0,,0.0,1242.0,320.0,2.67,11.27
array-zipcpu_zipcpu_piped-p034,unsat,0,5,0,-1,-1,-1,0.07,1.4,0.606,0.0,,0.0,1292.0,331.8,2.642,10.97
array-zipcpu_zipcpu_piped-p040,unsat,0,5,0,-1,-1,-1,0.33,2.42,0.996,0.3,,27.0,1412.0,399.6,3.948,12.31
array-zipcpu_zipcpu_piped-p048,unsat,0,5,0,-1,-1,-1,0.31,1.91,0.878,0.2,,20.0,1207.0,353.4,3.37,10.9
array-zipcpu_zipcpu_piped-p073,unsat,0,5,0,-1,-1,-1,0.32,6.68,1.8679999999999999,0.29,,27.0,1398.0,440.0,6.91,17.79
array-zipcpu_zipcpu_piped-p081,unsat,0,1,0,-1,-1,-1,2577.49,3600.1,3395.576,3599.95,,1427.0,25471.0,8598.4,15553.738,36713.93
array-zipcpu_zipcpu_piped-p102,unsat,0,4,0,-1,-1,-1,20.02,3600.09,1361.294,299.88,,2612.0,8390.0,5600.6,3296.764,6482.98
array-zipcpu_zipcpu_piped-p110,unsat,0,5,0,-1,-1,-1,0.15,1.23,0.618,0.09,,16.0,952.0,279.0,2.194,8.09
array-zipcpu_zipcpu_piped-p111,unsat,0,5,0,-1,-1,-1,0.32,1.95,0.93,0.3,,25.0,1533.0,418.8,4.198,14.73
array-zipcpu_zipcpu_piped-p112,unsat,0,4,0,-1,-1,-1,1.83,3600.09,765.14,19.02,,1055.0,2622.0,1811.6,891.646,3599.97
array-zipcpu_zipcpu_piped-p115,unsat,0,5,0,-1,-1,-1,0.15,1.3,0.622,0.1,,17.0,981.0,287.8,2.21,7.85
array-zipcpu_zipcpu_piped-p131,unsat,0,5,0,-1,-1,-1,0.35,2.62,1.082,0.3,,27.0,1426.0,408.0,4.47,14.08
array-zipcpu_zipcpu_piped-p132,unsat,0,4,0,-1,-1,-1,1.9,3600.09,953.058,19.24,,1884.0,4607.0,3064.4,1619.176,3599.92
array-zipcpu_zipcpu_piped-p142,unsat,0,4,0,-1,-1,-1,1.59,3600.09,1557.14,14.39,,1519.0,13112.0,6116.0,4033.3,12198.68
array-zipcpu_zipcpu_piped-p146,unsat,0,2,0,-1,-1,-1,35.22,3600.1,2431.718,543.21,,2820.0,14449.0,6889.6,7420.64,14497.54
array-zipcpu_zipcpu_piped-p155,unsat,0,5,0,-1,-1,-1,0.33,1.97,0.958,0.29,,26.0,1394.0,391.8,3.632,12.17
array-zipcpu_zipcpu_piped-p156,unsat,0,4,0,-1,-1,-1,1.67,3600.09,975.5640000000001,16.79,,1408.0,4496.0,2990.6,1739.312,3599.85
array-zipcpu_zipcpu_piped-p160,unsat,0,3,0,-1,-1,-1,2.03,3600.1,1532.058,21.96,,1795.0,19270.0,5751.8,3969.96,14498.29
array-zipcpu_zipcpu_piped-p162,unknown,0,0,1,-1,-1,-1,3573.9,3600.1,3594.86,3599.9,,1772.0,36134.0,11279.8,18158.148,49363.43
array-zipcpu_zipcpu_piped-p163,unsat,0,2,0,-1,-1,-1,26.89,3600.11,2461.046,410.2,,2704.0,13568.0,6662.8,7487.512,14499.11
array-zipcpu_zipcpu_piped-p177,unsat,0,5,0,-1,-1,-1,0.36,2.52,1.032,0.26,,27.0,1403.0,396.6,4.098,12.94
array-zipcpu_zipcpu_piped-p183,unsat,0,4,0,-1,-1,-1,1.73,3600.09,776.504,17.27,,1297.0,2578.0,1851.8,935.6379999999999,3599.97
array-zipcpu_zipcpu_piped-p185,unsat,0,4,0,-1,-1,-1,1.52,3600.09,803.402,13.32,,1486.0,3483.0,2232.8,1033.7179999999998,3599.95
array-zipcpu_zipcpu_piped-p205,unsat,0,5,0,-1,-1,-1,0.31,3.53,1.194,0.19,,20.0,1170.0,362.2,4.34,10.8
array-zipcpu_zipcpu_piped-p210,unsat,0,5,0,-1,-1,-1,0.32,4.43,1.386,0.3,,27.0,1215.0,374.2,4.84,11.02
array-zipcpu_zipcpu_piped-p211,unsat,0,1,0,-1,-1,-1,34.74,3600.1,2887.024,535.81,,2555.0,15299.0,7897.4,8087.534,14496.83
array-zipcpu_zipcpu_piped-p214,unsat,0,3,0,-1,-1,-1,1.66,3600.1,1692.224,16.09,,1608.0,22779.0,6934.4,4619.648,14497.67
array-zipcpu_zipcpu_piped-p218,unsat,0,2,0,-1,-1,-1,1.62,3600.1,2193.036,15.15,,1613.0,21268.0,7529.0,6509.214,14497.03
array-zipcpu_zipcpu_piped-p219,unsat,0,5,0,-1,-1,-1,0.15,1.13,0.592,0.1,,17.0,960.0,275.8,2.066,7.66
array-zipcpu_zipcpu_piped-p223,unsat,0,5,0,-1,-1,-1,0.32,1.96,0.888,0.29,,20.0,1254.0,360.6,3.324,10.32
array-zipcpu_zipcpu_piped-p224,unsat,0,3,0,-1,-1,-1,2.06,3600.1,1759.33,21.72,,1852.0,21522.0,6864.4,4883.49,14497.46
array-zipcpu_zipcpu_piped-p226,unsat,0,5,0,-1,-1,-1,0.35,1.74,0.826,0.27,,27.0,1183.0,343.6,3.002,9.92
array-zipcpu_zipcpu_piped-p262,unsat,0,4,0,-1,-1,-1,1.6,3600.09,942.7,14.33,,1402.0,5028.0,2998.2,1602.4879999999998,3926.7
array-zipcpu_zipcpu_piped-p267,unsat,0,5,0,-1,-1,-1,0.07,1.11,0.562,0.0,,0.0,967.0,269.0,1.956,7.45
array-zipcpu_zipcpu_piped-p275,unsat,0,5,0,-1,-1,-1,0.31,3.2,1.124,0.2,,20.0,1185.0,356.2,3.9899999999999998,10.29
array-zipcpu_zipcpu_piped-p288,unsat,0,5,0,-1,-1,-1,0.31,1.95,0.872,0.2,,20.0,1202.0,350.6,3.224,10.34
array-zipcpu_zipcpu_piped-p295,unsat,0,5,0,-1,-1,-1,0.32,8.11,2.1,0.29,,25.0,1152.0,399.6,6.78,22.23
array-zipcpu_zipcpu_piped-p308,unsat,0,5,0,-1,-1,-1,0.16,1.47,0.722,0.09,,15.0,1207.0,334.6,3.112,12.17
array-zipcpu_zipcpu_piped-p309,unsat,0,5,0,-1,-1,-1,0.33,1.98,0.87,0.29,,27.0,1154.0,341.2,3.208,9.55
array-zipcpu_zipcpu_piped-p315,unsat,0,5,0,-1,-1,-1,0.31,9.74,2.416,0.19,,20.0,1163.0,409.2,7.678,26.63
array-zipcpu_zipcpu_piped-p323,unsat,0,5,0,-1,-1,-1,0.14,1.27,0.648,0.09,,17.0,1129.0,312.8,2.5300000000000002,9.73
array-zipcpu_zipcpu_piped-p327,unsat,0,2,0,-1,-1,-1,19.9,3600.12,2489.254,298.25,,2919.0,14194.0,7148.6,7554.122,14498.49
array-zipcpu_zipcpu_piped-p330,unsat,0,5,0,-1,-1,-1,1.47,441.08,199.98000000000002,12.83,,670.0,4584.0,2211.2,562.174,1775.8
array-zipcpu_zipcpu_piped-p342,unsat,0,4,0,-1,-1,-1,1.47,3600.09,819.7420000000001,12.51,,1125.0,5031.0,2378.6,1105.36,3599.95
array-zipcpu_zipcpu_piped-p344,unsat,0,5,0,-1,-1,-1,0.31,1.94,0.872,0.2,,20.0,1267.0,363.6,3.2279999999999998,10.29
array-zipcpu_zipcpu_piped-p347,unsat,0,5,0,-1,-1,-1,0.31,2.0,0.884,0.2,,20.0,1241.0,360.0,3.2800000000000002,10.33
array-zipcpu_zipcpu_piped-p350,unsat,0,5,0,-1,-1,-1,0.33,2.0,0.9420000000000001,0.3,,26.0,1525.0,417.8,4.224,14.94
array-zipcpu_zipcpu_piped-p351,unknown,0,0,1,-1,-1,-1,3573.94,3600.1,3594.864,3599.94,,1513.0,27116.0,8714.6,17025.16,43678.47
array-zipcpu_zipcpu_piped-p372,unsat,0,5,0,-1,-1,-1,0.31,1.93,0.892,0.2,,20.0,1240.0,358.4,3.466,11.49
array-zipcpu_zipcpu_piped-p378,unsat,0,5,0,-1,-1,-1,0.15,1.33,0.664,0.1,,16.0,1050.0,300.0,2.738,10.63
array-zipcpu_zipcpu_piped-p381,unsat,0,5,0,-1,-1,-1,0.32,5.18,1.6119999999999999,0.19,,20.0,1391.0,410.8,5.819999999999999,13.61
array-zipcpu_zipcpu_piped-p389,unsat,0,2,0,-1,-1,-1,1.9,3600.1,2184.19,19.23,,1636.0,18781.0,6779.2,6593.878,14498.35
array-zipcpu_zipcpu_piped-p390,unsat,0,5,0,-1,-1,-1,0.32,8.34,2.226,0.29,,27.0,1258.0,427.4,7.337999999999999,22.58
array-zipcpu_zipcpu_piped-p399,unknown,0,0,1,-1,-1,-1,3573.63,3600.1,3594.802,3599.9,,1387.0,18475.0,6682.8,14117.408000000001,30342.49
array-zipcpu_zipcpu_piped-p423,unsat,0,5,0,-1,-1,-1,0.31,1.99,0.89,0.19,,20.0,1223.0,353.0,3.332,10.62
array-zipcpu_zipcpu_piped-p431,unsat,0,5,0,-1,-1,-1,0.32,1.95,0.884,0.29,,26.0,1203.0,349.0,3.304,10.6
array-zipcpu_zipcpu_piped-p442,unsat,0,5,0,-1,-1,-1,0.33,1.68,0.846,0.3,,27.0,1178.0,341.8,2.734,8.51
array-zipcpu_zipcpu_piped-p448,unsat,0,2,0,-1,-1,-1,8.03,3600.1,2193.426,108.7,,1738.0,18906.0,7732.4,6514.784,14496.46
array-zipcpu_zipcpu_piped-p466,unsat,0,1,0,-1,-1,-1,1055.67,3600.1,3091.21,3599.92,,1415.0,19355.0,7212.2,11238.732,16145.35
array-zipcpu_zipcpu_piped-p472,unsat,0,2,0,-1,-1,-1,458.26,3600.1,2409.22,2360.44,,1482.0,15038.0,6349.4,8384.056,14496.75
array-zipcpu_zipcpu_piped-p475,unsat,0,5,0,-1,-1,-1,0.32,2.0,0.936,0.3,,27.0,1243.0,363.8,3.406,10.72
array-zipcpu_zipcpu_piped-p476,unsat,0,3,0,-1,-1,-1,5.75,3600.1,1698.584,73.11,,1802.0,7806.0,4685.0,4648.516,14497.07
array-zipcpu_zipcpu_piped-p479,unsat,0,3,0,-1,-1,-1,1.64,3600.1,1536.062,15.4,,1416.0,9427.0,4104.0,3985.334,14499.13
array-zipcpu_zipcpu_piped-p481,unsat,0,2,0,-1,-1,-1,32.96,3600.1,2246.224,507.94,,1883.0,16967.0,7201.2,6859.37,14500.02
array-zipcpu_zipcpu_piped-p509,unsat,0,4,0,-1,-1,-1,1.63,3600.09,742.864,15.78,,1350.0,3523.0,2008.0,805.0519999999999,3599.95
array-zipcpu_zipcpu_piped-p516,unsat,0,2,0,-1,-1,-1,1.62,3600.1,2189.954,14.69,,1643.0,19593.0,7118.2,6463.602,14498.42
array-zipcpu_zipcpu_piped-p518,unsat,0,4,0,-1,-1,-1,37.07,3600.09,1429.502,563.16,,2393.0,9581.0,5585.8,3622.7799999999997,8504.81
array-zipcpu_zipcpu_piped-p520,unsat,0,4,0,-1,-1,-1,36.51,3600.09,913.866,563.74,,2109.0,9505.0,4151.2,1536.588,3599.92
array-zipcpu_zipcpu_piped-p525,unsat,0,5,0,-1,-1,-1,0.38,2.46,1.088,0.29,,27.0,1486.0,425.4,4.81,15.42
array-zipcpu_zipcpu_piped-p528,unsat,0,5,0,-1,-1,-1,0.36,3.36,1.248,0.3,,27.0,1488.0,434.2,5.3020000000000005,15.38
array-zipcpu_zipcpu_piped-p529,unsat,0,5,0,-1,-1,-1,0.32,2.01,0.96,0.3,,27.0,1527.0,418.0,4.4,15.6
bv-VexRiscv-regch0-15-p0,unsat,0,8,1,-1,-1,-1,6.28,3600.11,680.3509090909091,6.19,,91.0,16828.0,4166.545454545455,4722.889999999999,35991.59
bv-VexRiscv-regch0-20-p0,unsat,0,8,1,-1,-1,-1,52.68,3600.1,891.4609090909091,52.59,,161.0,31820.0,10455.272727272728,6538.323636363636,35992.53
bv-VexRiscv-regch0-30-p1,unsat,0,6,1,-1,-1,-1,254.53,3600.11,2101.8254545454547,254.49,,722.0,110681.0,28088.81818181818,14905.270909090908,35903.45
bv-anderson.3.prop1-back-serstep,sat,11,0,0,-1,4,1.2727272727272727,0.03,3.13,0.5945454545454545,0.0,,0.0,1753.0,309.3636363636364,0.8109090909090909,4.54
bv-arbitrated_top_n2_w128_d32_e0,sat,5,0,0,-1,-1,-1,591.76,3600.11,2364.7818181818184,1647.68,,225.0,14825.0,5186.272727272727,15454.903636363637,44492.4
bv-arbitrated_top_n2_w128_d64_e0,unknown,0,0,1,-1,-1,-1,3576.43,3600.11,3597.9463636363635,3599.97,,401.0,22169.0,8231.363636363636,20154.795454545456,44637.72
bv-arbitrated_top_n2_w64_d64_e0,unknown,0,0,1,-1,-1,-1,3572.72,3600.12,3597.610909090909,3599.99,,222.0,21050.0,7164.545454545455,21312.774545454544,44435.05
bv-arbitrated_top_n2_w8_d128_e0,unsat,0,1,1,-1,-1,-1,18.49,3600.1,3272.160909090909,18.39,,81.0,16635.0,4884.363636363636,21282.438181818183,44225.73
bv-arbitrated_top_n2_w8_d16_e0,sat,9,1,1,-1,18,5.909090909090909,4.58,28.6,12.285454545454545,11.19,,32.0,1377.0,522.6363636363636,83.42,283.5
bv-arbitrated_top_n2_w8_d32_e0,sat,9,1,1,-1,34,11.727272727272727,16.75,1027.23,484.4836363636364,16.69,,46.0,8751.0,1967.3636363636363,2714.1245454545456,8898.3
bv-arbitrated_top_n2_w8_d64_e0,unsat,0,1,1,-1,-1,-1,21.35,3600.12,3272.3463636363635,21.26,,56.0,14022.0,4292.363636363636,20885.815454545456,44202.76
bv-arbitrated_top_n3_w16_d128_e0,unknown,0,0,1,-1,-1,-1,3575.85,3600.11,3597.8954545454544,3599.88,,183.0,21492.0,6338.727272727273,22265.142727272727,44387.53
bv-arbitrated_top_n3_w16_d32_e0,sat,10,1,0,-1,55,16.818181818181817,13.29,1593.84,737.4236363636363,13.18,,64.0,9732.0,2569.6363636363635,4907.897272727273,15932.68
bv-arbitrated_top_n3_w32_d16_e0,sat,10,1,0,-1,18,7.636363636363637,7.44,148.21,35.518181818181816,14.98,,81.0,2197.0,821.4545454545455,217.40272727272728,682.25
bv-arbitrated_top_n3_w64_d128_e0,unknown,0,0,1,-1,-1,-1,3575.14,3600.13,3597.8336363636363,3600.0,,454.0,28155.0,10123.363636363636,20355.45272727273,44489.24
bv-arbitrated_top_n3_w64_d64_e0,unknown,0,0,1,-1,-1,-1,3573.48,3600.1,3597.6781818181817,3599.86,,296.0,25569.0,8470.363636363636,20979.901818181817,44616.39
bv-arbitrated_top_n3_w8_d128_e0,unknown,0,0,1,-1,-1,-1,3574.91,3600.1,3597.807272727273,3600.01,,120.0,20415.0,5303.272727272727,22136.602727272726,44249.72
bv-arbitrated_top_n3_w8_d16_e0,sat,9,1,1,-1,18,5.909090909090909,7.01,31.65,13.024545454545455,11.08,,42.0,1960.0,634.1818181818181,83.2990909090909,314.31
bv-arbitrated_top_n4_w128_d16_e0,sat,10,0,0,-1,18,7.636363636363637,16.36,3600.1,505.7327272727273,67.41,,237.0,10542.0,2676.090909090909,2173.8036363636365,12248.28
bv-arbitrated_top_n4_w128_d64_e0,unknown,0,0,1,-1,-1,-1,3575.29,3600.2,3597.8545454545456,3599.98,,559.0,32680.0,12189.636363636364,20693.967272727274,44568.9
bv-arbitrated_top_n4_w16_d16_e0,sat,10,1,0,-1,21,7.909090909090909,8.28,78.86,24.864545454545453,10.56,,68.0,2033.0,754.8181818181819,168.75545454545454,506.88
bv-arbitrated_top_n4_w16_d32_e0,sat,10,1,0,-1,57,17,23.08,1921.96,907.8181818181819,22.99,,90.0,11945.0,3040.6363636363635,6425.72,19213.75
bv-arbitrated_top_n4_w16_d64_e0,unknown,0,0,1,-1,-1,-1,3573.43,3600.12,3597.6763636363635,3599.9,,138.0,21926.0,5615.909090909091,21966.235454545455,44263.43
bv-arbitrated_top_n4_w32_d32_e0,sat,10,0,0,-1,50,17.09090909090909,586.14,3600.09,1479.3118181818181,1571.48,,142.0,11476.0,3546.181818181818,8158.168181818181,32564.42
bv-arbitrated_top_n4_w64_d32_e0,sat,6,0,0,-1,34,2.1818181818181817,562.7,3600.11,2368.31,2070.24,,214.0,14825.0,5235.090909090909,15519.353636363636,44436.84
bv-arbitrated_top_n4_w8_d64_e0,unsat,0,1,1,-1,-1,-1,16.6,3600.11,3271.849090909091,16.48,,80.0,22864.0,5185.181818181818,21711.43181818182,44217.69
bv-arbitrated_top_n5_w128_d64_e0,unknown,0,0,1,-1,-1,-1,3575.98,3600.23,3597.920909090909,3599.97,,693.0,36429.0,13575.09090909091,20742.104545454546,44515.08
bv-arbitrated_top_n5_w128_d8_e0,sat,11,0,0,-1,10,5,1.44,403.11,42.973636363636366,3.39,,88.0,3649.0,1091.8181818181818,86.81090909090909,481.37
bv-arbitrated_top_n5_w32_d32_e0,sat,9,0,0,-1,36,12.090909090909092,541.42,3600.1,1796.659090909091,2026.55,,153.0,12011.0,4028.3636363636365,10258.133636363636,32983.06
bv-arbitrated_top_n5_w64_d16_e0,sat,11,0,0,-1,18,9.363636363636363,12.89,531.27,125.69454545454545,51.33,,188.0,4608.0,1535.0,575.8472727272728,2343.98
bv-arbitrated_top_n5_w8_d32_e0,sat,10,1,0,-1,57,18.09090909090909,18.92,1239.66,692.4890909090909,18.78,,72.0,8879.0,2510.4545454545455,4148.931818181818,12392.17
bv-at.6.prop1-back-serstep,sat,10,0,0,-1,45,8.090909090909092,6.7,3600.09,374.5409090909091,13.3,,25.0,6160.0,1105.8181818181818,785.5327272727272,6829.59
bv-blocks.4.prop1-back-serstep,sat,5,1,1,-1,12145,1278,4.46,3600.1,2131.1872727272726,4.39,,67.0,9664.0,2886.0,12152.531818181818,56926.36
bv-brp2.2.prop1-func-interl,sat,6,1,1,-1,119,45.90909090909091,0.51,3600.1,1593.9472727272728,0.38,,17.0,59340.0,7154.818181818182,7757.518181818182,41716.92
bv-brp2.3.prop1-back-serstep,sat,10,1,0,-1,37,16.272727272727273,0.57,39.13,16.12909090909091,0.46,,33.0,2208.0,735.0,97.74818181818182,387.15
bv-brp2.6.prop3-back-serstep,unsat,0,1,1,-1,-1,-1,0.55,3600.12,3270.5236363636363,0.49,,32.0,33862.0,8773.09090909091,23425.21090909091,56928.19
bv-buggy_ridecore,sat,9,0,0,-1,13,6.636363636363637,49.38,3600.11,1026.2181818181818,49.29,,525.0,50557.0,10914.0,4008.7063636363637,14210.56
bv-cal102,unsat,0,5,0,-1,-1,-1,52.48,3600.1,2044.0218181818182,820.52,,208.0,3566.0,1871.090909090909,6082.022727272727,18103.75
bv-cal106,unsat,0,6,0,-1,-1,-1,48.34,3600.1,1861.48,755.03,,238.0,3690.0,1724.7272727272727,5116.127272727273,18106.47
bv-cal107,unsat,0,6,0,-1,-1,-1,46.99,3600.1,1842.03,732.93,,193.0,3630.0,1699.090909090909,5052.188181818182,18107.55
bv-cal112,unsat,0,5,0,-1,-1,-1,46.67,3600.11,2094.5045454545457,727.13,,289.0,3682.0,1922.090909090909,6578.130909090909,18107.9
bv-cal117,unsat,0,6,0,-1,-1,-1,19.89,3600.1,1657.439090909091,179.66,,305.0,4893.0,1654.8181818181818,4138.306363636364,18105.47
bv-cal118,unsat,0,6,0,-1,-1,-1,17.29,3600.1,1658.841818181818,145.46,,272.0,4610.0,1644.090909090909,4155.839090909091,18103.65
bv-cal119,unsat,0,6,0,-1,-1,-1,18.28,3600.1,1655.0381818181818,153.32,,242.0,4785.0,1615.090909090909,4103.725454545454,18103.59
bv-cal122,unsat,0,6,0,-1,-1,-1,15.65,3600.1,1656.118181818182,183.8,,238.0,4768.0,1830.8181818181818,4110.201818181818,18105.9
bv-cal123,unsat,0,6,0,-1,-1,-1,19.32,3600.1,1656.4227272727273,190.92,,248.0,6832.0,2036.4545454545455,4114.300909090909,18106.17
bv-cal125,unsat,0,6,0,-1,-1,-1,17.39,3600.1,1656.5854545454545,168.22,,248.0,5222.0,1729.0,4117.407272727272,18105.98
bv-cal129,unsat,0,6,0,-1,-1,-1,15.24,3600.1,1653.179090909091,159.58,,227.0,4451.0,1838.5454545454545,4078.889090909091,18104.58
bv-cal140,unsat,0,6,0,-1,-1,-1,12.33,3600.1,1651.51,106.97,,231.0,4119.0,1456.7272727272727,4055.990909090909,18104.17
bv-cal142,unsat,0,6,0,-1,-1,-1,13.99,3600.1,1658.3436363636363,122.19,,251.0,13023.0,2612.2727272727275,4115.031818181818,18105.38
bv-cal143,unsat,0,6,0,-1,-1,-1,16.86,3600.1,1657.898181818182,130.96,,261.0,4380.0,1644.5454545454545,4099.368181818182,18103.15
bv-cal149,unsat,0,6,0,-1,-1,-1,14.02,3600.1,1653.8718181818183,116.57,,229.0,4147.0,1508.5454545454545,4073.729090909091,18103.77
bv-cal156,unsat,0,1,0,-1,-1,-1,59.5,3600.1,3278.2254545454543,932.37,,178.0,30116.0,5954.363636363636,18908.383636363636,44472.64
bv-cal159,unsat,0,8,1,-1,-1,-1,0.06,3600.1,678.1036363636364,0.0,,0.0,3353.0,975.0,1582.0536363636363,12530.59
bv-cal161,unsat,0,8,1,-1,-1,-1,0.06,3600.09,661.2181818181818,0.0,,0.0,3379.0,905.0,1492.3645454545454,12478.31
bv-cal162,unsat,0,8,1,-1,-1,-1,0.06,3600.1,659.5072727272727,0.0,,0.0,3302.0,895.0,1485.9572727272728,12501.78
bv-cal176,unsat,0,7,0,-1,-1,-1,3.97,3600.1,1483.7027272727273,39.56,,274.0,5706.0,1971.4545454545455,3826.0545454545454,18105.39
bv-cal192,unsat,0,1,0,-1,-1,-1,57.78,3600.13,3278.072727272727,904.08,,184.0,29057.0,5298.363636363636,18888.99818181818,44404.85
bv-cal2,unsat,0,1,0,-1,-1,-1,0.51,3600.1,3272.8618181818183,2.93,,160.0,24439.0,4130.272727272727,19017.04909090909,43327.67
bv-cal201,unsat,0,1,0,-1,-1,-1,61.15,3600.11,3278.3754545454544,959.61,,207.0,13006.0,3793.3636363636365,18922.995454545453,44411.98
bv-cal206,unsat,0,1,0,-1,-1,-1,61.95,3600.11,3278.4481818181816,972.76,,196.0,7317.0,2922.818181818182,18918.425454545453,44467.97
bv-cal209,unsat,0,1,0,-1,-1,-1,80.74,3600.1,3280.1563636363635,1273.13,,202.0,33425.0,6228.727272727273,18939.22,44470.54
bv-cal21,unsat,0,10,0,-1,-1,-1,0.4,3600.09,352.26909090909095,0.26,,15.0,470.0,192.1818181818182,352.78999999999996,3599.97
bv-cal210,unsat,0,1,0,-1,-1,-1,68.09,3600.11,3279.0072727272727,1070.34,,203.0,36909.0,6139.545454545455,18943.93727272727,44439.56
bv-cal220,unsat,0,4,0,-1,-1,-1,137.78,3600.1,2561.461818181818,161.16,,426.0,40250.0,5847.636363636364,12014.945454545456,34403.41
bv-cal224,unsat,0,3,0,-1,-1,-1,427.57,3600.11,2895.4127272727274,3599.73,,456.0,23873.0,6443.545454545455,15064.53090909091,35918.51
bv-cal227,unsat,0,4,0,-1,-1,-1,132.91,3600.1,2550.061818181818,156.45,,369.0,25093.0,4664.636363636364,11972.454545454546,35957.36
bv-cal234,unsat,0,4,0,-1,-1,-1,138.75,3600.11,2627.340909090909,162.36,,402.0,27000.0,4982.272727272727,13229.65,35955.9
bv-cal33,unsat,0,8,0,-1,-1,-1,0.39,3600.09,983.7945454545455,1.1,,76.0,1873.0,443.1818181818182,989.9363636363636,3599.97
bv-cal34,unsat,0,8,0,-1,-1,-1,1.07,3600.1,986.1090909090909,1.23,,103.0,1300.0,464.90909090909093,1001.7836363636363,3600.02
bv-cal35,unsat,0,9,1,-1,-1,-1,0.33,3600.09,581.5418181818181,1.52,,23.0,2181.0,772.6363636363636,591.1445454545454,3599.95
bv-cal37,unsat,0,9,1,-1,-1,-1,0.36,3600.09,637.4154545454546,1.43,,26.0,2117.0,776.7272727272727,649.6627272727272,3599.8
bv-cal4,unsat,0,9,1,-1,-1,-1,0.24,3600.09,388.60818181818183,0.36,,17.0,1920.0,512.5454545454545,390.83090909090913,3599.9
bv-cal41,unsat,0,10,1,-1,-1,-1,0.25,1334.47,168.2418181818182,0.43,,17.0,1909.0,475.8181818181818,170.04090909090908,1334.36
bv-cal81,unsat,0,7,1,-1,-1,-1,0.07,3600.1,983.7418181818182,0.0,,0.0,35857.0,7080.545454545455,3166.2936363636363,17388.57
bv-cal84,unsat,0,6,0,-1,-1,-1,11.93,3600.1,1654.3690909090908,96.35,,302.0,4443.0,1570.8181818181818,4097.038181818182,18103.48
bv-cal86,unsat,0,6,0,-1,-1,-1,13.16,3600.1,1700.0863636363636,144.86,,318.0,12839.0,2549.3636363636365,4272.517272727273,18108.04
bv-cal87,unsat,0,6,0,-1,-1,-1,12.52,3600.1,1663.0881818181817,113.87,,315.0,4285.0,1498.8181818181818,4117.12,18106.82
bv-cal90,unsat,0,6,0,-1,-1,-1,14.39,3600.1,1703.8027272727272,139.7,,355.0,4203.0,1664.0,4285.010909090909,18104.27
bv-cal97,unsat,0,6,0,-1,-1,-1,39.69,3600.1,1798.520909090909,615.31,,163.0,3679.0,1709.5454545454545,4847.690909090909,18104.55
bv-cal99,unsat,0,6,0,-1,-1,-1,23.21,3600.1,1664.3663636363638,205.24,,264.0,7509.0,2074.7272727272725,4180.309090909091,18104.03
bv-circular_pointer_top_w128_d128_e0,unknown,0,0,1,-1,-1,-1,3576.44,3600.11,3597.95,3599.97,,642.0,22114.0,8580.272727272728,21781.663636363635,44496.32
bv-circular_pointer_top_w128_d64_e0,unknown,0,0,1,-1,-1,-1,3573.75,3600.11,3597.703636363636,3599.95,,447.0,21832.0,6580.181818181818,21987.541818181817,44615.55
bv-circular_pointer_top_w128_d8_e0,sat,11,0,0,-1,12,5.636363636363637,6.22,304.92,39.95363636363636,14.0,,42.0,2239.0,766.8181818181819,324.06363636363636,3036.41
bv-circular_pointer_top_w16_d128_e0,unsat,0,1,1,-1,-1,-1,74.25,3600.11,3277.152727272727,74.18,,127.0,15333.0,4786.181818181818,21357.422727272726,44230.53
bv-circular_pointer_top_w16_d32_e0,sat,8,1,0,-1,57,12.272727272727273,54.77,3600.1,1483.0254545454545,54.69,,98.0,8554.0,2925.5454545454545,12666.636363636364,44225.68
bv-circular_pointer_top_w16_d64_e0,unsat,0,1,1,-1,-1,-1,40.24,3600.1,3274.0172727272725,40.16,,102.0,16218.0,4811.727272727273,20866.800909090907,44224.17
bv-circular_pointer_top_w32_d16_e0,sat,10,1,0,-1,34,10.818181818181818,23.67,328.46,67.08909090909091,27.29,,62.0,2421.0,817.1818181818181,509.5863636363636,3281.31
bv-circular_pointer_top_w32_d32_e0,sat,7,1,0,-1,55,7.363636363636363,47.08,3600.1,1871.9563636363637,46.99,,103.0,9887.0,3601.090909090909,14903.89,44223.91
bv-circular_pointer_top_w64_d128_e0,unknown,0,0,1,-1,-1,-1,3573.23,3600.12,3597.6581818181817,3599.96,,423.0,22176.0,7706.727272727273,22145.803636363635,44617.81
bv-circular_pointer_top_w64_d8_e0,sat,11,0,0,-1,12,5.636363636363637,2.88,90.14,12.864545454545455,4.2,,32.0,1159.0,503.3636363636364,99.05909090909091,893.33
bv-circular_pointer_top_w8_d16_e0,sat,10,1,0,-1,39,11.636363636363637,12.22,62.35,21.220909090909092,13.99,,25.0,1643.0,571.3636363636364,150.5309090909091,621.15
bv-dspfilters_fastfir_second-p04,unsat,0,10,1,-1,-1,-1,0.56,3096.56,288.2154545454545,0.49,,48.0,11848.0,1925.0,318.28818181818184,3096.27
bv-dspfilters_fastfir_second-p05,unsat,0,5,0,-1,-1,-1,841.07,3600.1,2827.0563636363636,840.93,,328.0,26258.0,5598.272727272727,17965.136363636364,38271.26
bv-dspfilters_fastfir_second-p06,unsat,0,4,0,-1,-1,-1,1051.66,3600.1,3040.569090909091,1051.58,,377.0,30485.0,6116.545454545455,19507.388181818184,38270.69
bv-dspfilters_fastfir_second-p07,unsat,0,10,0,-1,-1,-1,1.74,3600.35,364.1463636363636,1.7,,80.0,7675.0,1883.8181818181818,537.9527272727272,3599.99
bv-dspfilters_fastfir_second-p09,unsat,0,10,0,-1,-1,-1,17.72,3600.15,518.2645454545454,17.69,,158.0,7182.0,2165.090909090909,1409.7318181818182,3711.58
bv-dspfilters_fastfir_second-p10,unsat,0,10,0,-1,-1,-1,34.62,3600.12,663.3081818181818,34.5,,152.0,7092.0,2155.2727272727275,2164.339090909091,6744.6
bv-dspfilters_fastfir_second-p11,unsat,0,9,0,-1,-1,-1,126.59,3600.1,1608.6218181818183,126.49,,259.0,13379.0,3890.909090909091,8153.983636363636,21292.35
bv-dspfilters_fastfir_second-p14,unsat,0,10,0,-1,-1,-1,113.11,3600.09,1190.2036363636364,112.99,,170.0,9799.0,2746.818181818182,5577.455454545455,21140.52
bv-dspfilters_fastfir_second-p16,unsat,0,10,0,-1,-1,-1,3.22,3600.28,387.1709090909091,3.19,,114.0,7021.0,1985.7272727272727,734.8436363636364,3599.94
bv-dspfilters_fastfir_second-p18,unsat,0,1,1,-1,-1,-1,2958.79,3600.1,3539.3163636363633,2958.68,,442.0,43457.0,7751.818181818182,22216.422727272726,53569.62
bv-dspfilters_fastfir_second-p21,unsat,0,10,1,-1,-1,-1,0.51,2346.34,219.62181818181818,0.39,,47.0,12162.0,1932.5454545454545,248.24272727272728,2346.23
bv-dspfilters_fastfir_second-p22,unknown,0,0,1,-1,-1,-1,3576.13,3600.1,3597.9190909090908,3599.96,,316.0,32652.0,6441.181818181818,23101.084545454545,51556.71
bv-dspfilters_fastfir_second-p25,unsat,0,10,0,-1,-1,-1,22.38,3600.13,741.7754545454545,22.29,,195.0,9434.0,2920.7272727272725,2948.000909090909,9569.92
bv-dspfilters_fastfir_second-p26,unsat,0,7,0,-1,-1,-1,1051.55,3600.1,2712.02,1051.47,,293.0,22530.0,5200.272727272727,18023.205454545456,35987.29
bv-dspfilters_fastfir_second-p42,unsat,0,10,0,-1,-1,-1,38.55,3600.1,867.2572727272727,38.49,,199.0,10268.0,2934.0,3527.321818181818,10752.09
bv-dspfilters_fastfir_second-p43,unsat,0,8,0,-1,-1,-1,584.08,3600.1,2087.1263636363637,583.98,,269.0,16199.0,4365.545454545455,12705.168181818182,25299.53
bv-dspfilters_fastfir_second-p45,unsat,0,9,0,-1,-1,-1,265.9,3600.1,1446.15,265.8,,218.0,10704.0,3413.7272727272725,7659.781818181818,21549.6
bv-elevator.4.prop1-func-interl,unsat,0,9,1,-1,-1,-1,0.3,3600.09,739.0536363636364,0.18,,22.0,9270.0,1933.090909090909,1700.980909090909,14027.95
bv-frogs.5.prop1-func-interl,unsat,0,5,1,-1,-1,-1,2.62,3600.1,2209.351818181818,3.19,,29.0,10874.0,4026.6363636363635,13686.794545454546,53847.86
bv-gen10,unsat,0,9,1,-1,-1,-1,0.17,3600.09,328.7918181818182,0.03,,12.0,2590.0,364.0,328.82909090909095,3600.03
bv-gen12,unsat,0,9,1,-1,-1,-1,0.15,3600.09,328.4209090909091,0.09,,12.0,2181.0,332.1818181818182,328.48,3599.96
bv-gen14,unsat,0,9,1,-1,-1,-1,0.15,3600.1,328.4290909090909,0.05,,12.0,2184.0,322.8181818181818,328.46363636363634,3599.96
bv-gen21,unsat,0,9,1,-1,-1,-1,0.14,3600.1,328.4490909090909,0.08,,12.0,2701.0,371.8181818181818,328.46909090909094,3599.96
bv-gen31,unsat,0,9,0,-1,-1,-1,0.93,3600.1,671.6072727272727,3.75,,120.0,2444.0,840.2727272727273,686.0363636363636,3599.99
bv-gen35,unsat,0,9,1,-1,-1,-1,0.3,3600.1,427.73454545454547,0.98,,31.0,2583.0,796.1818181818181,430.9690909090909,3599.98
bv-gen39,unsat,0,9,1,-1,-1,-1,0.19,3600.1,331.4,0.08,,13.0,2344.0,383.1818181818182,331.57272727272726,3599.96
bv-gen43,unsat,0,9,0,-1,-1,-1,0.3,3600.09,659.2936363636364,0.95,,59.0,2151.0,454.27272727272725,664.5536363636363,3599.98
bv-gen44,unsat,0,9,0,-1,-1,-1,0.3,3600.09,659.0354545454546,0.93,,61.0,2163.0,457.27272727272725,665.3181818181818,3599.99
bv-h_RCU,unsat,0,4,1,-1,-1,-1,0.55,3600.11,2687.270909090909,0.48,,32.0,104428.0,12505.818181818182,18281.923636363637,54728.91
bv-h_TreeArb,unsat,0,10,1,-1,-1,-1,0.5,740.06,79.65454545454546,0.39,,14.0,1879.0,658.6363636363636,114.55909090909091,739.97
bv-intersymbol_analog_estimation_convergence,unsat,0,6,1,-1,-1,-1,2.52,3600.1,1662.0181818181818,3.99,,30.0,15677.0,4277.545454545455,8351.003636363637,50191.8
bv-krebs.3.prop1-func-interl,sat,9,1,0,-1,75,26.636363636363637,0.53,3600.1,390.99363636363637,0.49,,20.0,12288.0,1923.2727272727273,3667.156363636364,35998.58
bv-marlann_compute_cp_fail1-p2,unsat,0,10,1,-1,-1,-1,0.11,6.1,1.42,0.0,,0.0,831.0,341.54545454545456,2.98,16.26
bv-marlann_compute_cp_fail2-p0,unsat,0,10,1,-1,-1,-1,0.16,145.67,14.623636363636363,0.09,,18.0,1815.0,561.7272727272727,18.21,145.6
bv-marlann_compute_cp_pass-p2,unsat,0,10,1,-1,-1,-1,0.1,7.6,1.5572727272727271,0.0,,0.0,1028.0,362.6363636363636,3.6545454545454543,24.06
bv-mcs.3.prop1-back-serstep,unsat,0,1,1,-1,-1,-1,944.29,3600.11,3356.3309090909092,3599.94,,373.0,25352.0,5084.636363636364,21370.38909090909,46804.98
bv-miim,unsat,0,9,1,-1,-1,-1,0.18,3600.09,350.5509090909091,0.03,,13.0,4514.0,731.3636363636364,410.88,3599.91
bv-msmie.3.prop1-func-interl,unsat,0,5,1,-1,-1,-1,2.01,3600.1,2223.0745454545454,1.89,,46.0,29081.0,6426.272727272727,12570.889090909091,37113.03
bv-mul1,unsat,0,1,0,-1,-1,-1,0.3,3600.1,3272.842727272727,0.94,,159.0,20955.0,3245.818181818182,17093.892727272727,47019.57
bv-mul2,unsat,0,1,0,-1,-1,-1,0.3,3600.1,3272.8436363636365,0.96,,227.0,17655.0,3675.909090909091,17172.345454545455,47146.82
bv-mul3,unsat,0,1,0,-1,-1,-1,0.3,3600.11,3272.8463636363635,0.96,,275.0,13270.0,5223.181818181818,17081.471818181817,46111.7
bv-mul7,sat,11,0,0,-1,3,0.7272727272727273,0.08,820.02,97.27454545454546,0.0,,0.0,5212.0,1483.0,763.8781818181818,7796.31
bv-mul9,sat,1,0,0,-1,-1,-1,3.4,3600.13,3273.129090909091,40.45,,154.0,24562.0,4243.0,19322.061818181817,46847.75
bv-paper_v3,unsat,0,10,1,-1,-1,-1,0.03,55.53,11.623636363636363,0.0,,0.0,417.0,143.9090909090909,36.89272727272728,223.18
bv-peg_solitaire.3.prop1-back-serstep,sat,2,0,1,-1,9,0.8181818181818182,537.47,3600.1,3042.6263636363637,3599.92,,186.0,29293.0,5710.727272727273,16847.02909090909,56929.77
bv-pgm_protocol.3.prop5-func-interl,unknown,0,0,1,-1,-1,-1,3574.24,3600.1,3597.748181818182,3599.9,,164.0,56089.0,10765.363636363636,23002.883636363636,56925.58
bv-pgm_protocol.7.prop1-back-serstep,unsat,0,8,0,-1,-1,-1,0.99,3600.24,1147.101818181818,4.04,,195.0,10378.0,3026.4545454545455,2585.528181818182,14498.66
bv-picorv32-check-p05,unsat,0,7,1,-1,-1,-1,1.05,3600.11,1094.2136363636364,0.99,,104.0,10339.0,3220.7272727272725,3028.64,16077.71
bv-picorv32-check-p09,unsat,0,9,1,-1,-1,-1,0.41,3600.09,511.51,0.69,,132.0,7042.0,2282.2727272727275,714.5109090909091,3600.01
bv-picorv32-check-p12,unsat,0,7,1,-1,-1,-1,1.0,3600.1,1072.0518181818181,0.88,,105.0,8467.0,2830.3636363636365,2976.249090909091,15843.45
bv-picorv32-check-p19,unsat,0,9,1,-1,-1,-1,0.41,3600.1,542.7263636363637,1.29,,101.0,7460.0,1856.4545454545455,584.2736363636363,3599.96
bv-picorv32-check-p20,unsat,0,7,1,-1,-1,-1,0.95,3600.1,1239.1045454545454,0.89,,90.0,10976.0,3422.818181818182,3328.678181818182,16677.43
bv-picorv32-check-p22,unsat,0,7,1,-1,-1,-1,1.12,3600.1,1069.7536363636364,0.99,,104.0,10797.0,3068.7272727272725,3017.0563636363636,16252.69
bv-picorv32-pcregs-p0,unknown,0,0,1,-1,-1,-1,3575.53,3600.11,3597.8654545454547,3599.94,,112.0,28380.0,5240.545454545455,23892.216363636362,54194.25
bv-picorv32-pcregs-p2,unknown,0,0,1,-1,-1,-1,3573.22,3600.11,3597.6545454545453,3599.88,,108.0,22462.0,4795.454545454545,23640.765454545457,51295.72
bv-picorv32_mutAX_nomem-p0,sat,1,0,1,-1,33,2.090909090909091,430.66,3600.12,3309.5036363636364,3599.92,,874.0,27552.0,8411.272727272728,20366.176363636365,56926.48
bv-picorv32_mutAX_nomem-p2,unknown,0,0,1,-1,-1,-1,3556.66,3600.11,3596.150909090909,3599.93,,1378.0,25636.0,8701.636363636364,23740.49818181818,56926.93
bv-picorv32_mutAX_nomem-p5,sat,9,0,0,-1,16,4.909090909090909,395.36,3600.1,1251.389090909091,737.49,,543.0,9563.0,3801.909090909091,8022.519090909092,35946.69
bv-picorv32_mutAY_nomem-p1,sat,1,0,1,-1,33,2.090909090909091,416.89,3600.1,3306.759090909091,3599.93,,892.0,47355.0,10296.09090909091,20090.057272727274,56927.78
bv-picorv32_mutAY_nomem-p4,sat,10,0,0,-1,12,4.909090909090909,34.74,3600.1,472.4818181818182,95.9,,262.0,46661.0,6042.272727272727,3981.8354545454545,35972.06
bv-picorv32_mutAY_nomem-p6,sat,9,0,0,-1,34,8.454545454545455,701.8,3600.1,1744.1181818181817,2003.97,,585.0,35451.0,7266.363636363636,10312.416363636363,35973.59
bv-picorv32_mutBX_nomem-p0,sat,2,0,1,-1,9170,1666.4545454545455,346.65,3600.1,3007.2072727272725,2636.11,,878.0,28998.0,7912.272727272727,16404.352727272726,56932.75
bv-picorv32_mutBX_nomem-p5,sat,8,0,0,-1,33,8.545454545454545,239.12,3600.1,2498.9454545454546,3073.69,,475.0,20630.0,6063.181818181818,14549.969090909091,45774.39
bv-picorv32_mutBX_nomem-p8,sat,2,0,1,-1,11551,1051.6363636363637,478.45,3600.12,3189.719090909091,3599.94,,1213.0,23211.0,8022.454545454545,18570.876363636366,56926.87
bv-picorv32_mutBY_nomem-p1,sat,1,0,1,-1,16,0.5454545454545454,751.85,3600.1,3338.89,3599.95,,556.0,44901.0,8739.818181818182,21758.95727272727,56937.3
bv-picorv32_mutBY_nomem-p3,sat,2,0,1,-1,33,3.8181818181818183,591.57,3600.1,3160.771818181818,3599.97,,487.0,43397.0,8554.727272727272,19246.499090909092,56926.86
bv-picorv32_mutBY_nomem-p4,sat,10,0,0,-1,32,7.454545454545454,444.56,3600.11,1274.290909090909,673.5,,439.0,35094.0,7275.090909090909,7631.010909090909,33125.28
bv-picorv32_mutBY_nomem-p6,sat,2,0,1,-1,34,4.090909090909091,267.41,3600.11,3228.4945454545455,3555.99,,641.0,38801.0,11673.636363636364,20036.170000000002,56928.82
bv-picorv32_mutBY_nomem-p7,sat,3,0,1,-1,38,7.636363636363637,273.0,3600.1,2770.4245454545453,2564.04,,564.0,49370.0,11323.09090909091,15000.10090909091,56933.44
bv-picorv32_mutCX_nomem-p0,sat,2,0,1,-1,33,3.8181818181818183,729.66,3600.1,3224.98,3599.93,,718.0,27599.0,8225.90909090909,19910.142727272727,56925.0
bv-picorv32_mutCX_nomem-p8,sat,2,0,1,-1,14423,1312.7272727272727,185.78,3600.1,3007.803636363636,2568.21,,1135.0,20895.0,6585.181818181818,16588.974545454545,56928.05
bv-picorv32_mutCY_nomem-p0,sat,1,0,1,-1,16,0.5454545454545454,676.83,3600.12,3330.409090909091,3599.91,,812.0,46259.0,9339.90909090909,21723.20909090909,56932.1
bv-picorv32_mutCY_nomem-p3,sat,3,0,1,-1,33,7,1914.08,3600.11,3206.5763636363636,3599.92,,577.0,43318.0,8888.636363636364,19152.587272727273,56939.23
bv-ponylink-slaveTXlen-unsat,unsat,0,3,1,-1,-1,-1,387.1,3600.33,2994.3645454545454,3369.26,,125.0,105115.0,19112.636363636364,14514.084545454545,35958.4
bv-qspiflash_dualflexpress_divfive-p007,unsat,0,7,0,-1,-1,-1,0.75,3600.1,1646.7081818181819,0.69,,17.0,122897.0,16959.090909090908,8039.6672727272735,37204.48
bv-qspiflash_dualflexpress_divfive-p009,unsat,0,6,0,-1,-1,-1,0.57,3600.1,1646.8027272727272,0.48,,17.0,122961.0,15122.636363636364,7033.511818181818,35997.99
bv-qspiflash_dualflexpress_divfive-p016,unsat,0,9,1,-1,-1,-1,0.09,3600.09,331.1636363636364,0.0,,0.0,2473.0,427.54545454545456,332.8963636363636,3599.91
bv-qspiflash_dualflexpress_divfive-p022,unsat,0,10,1,-1,-1,-1,0.05,31.04,3.2209090909090907,0.0,,0.0,799.0,206.0909090909091,3.289090909090909,31.0
bv-qspiflash_dualflexpress_divfive-p037,unsat,0,8,1,-1,-1,-1,0.47,3600.1,917.0745454545455,0.39,,20.0,6255.0,1467.7272727272727,2457.000909090909,11695.8
bv-qspiflash_dualflexpress_divfive-p050,unsat,0,7,1,-1,-1,-1,0.48,3600.1,1011.3818181818182,0.39,,20.0,5884.0,1578.7272727272727,2869.3418181818183,15404.63
bv-qspiflash_dualflexpress_divfive-p054,unsat,0,7,1,-1,-1,-1,0.52,3600.1,1042.4654545454546,0.49,,17.0,7672.0,2129.181818181818,3200.291818181818,15588.9
bv-qspiflash_dualflexpress_divfive-p058,unsat,0,7,1,-1,-1,-1,0.52,3600.09,902.9572727272728,0.49,,18.0,122988.0,12067.272727272728,2436.81,12140.4
bv-qspiflash_dualflexpress_divfive-p074,unsat,0,7,0,-1,-1,-1,0.61,3600.1,1337.7063636363637,0.5,,15.0,13636.0,2981.5454545454545,3864.139090909091,18104.56
bv-qspiflash_dualflexpress_divfive-p079,unsat,0,7,1,-1,-1,-1,0.52,3600.1,1008.4572727272728,0.49,,15.0,6711.0,1497.4545454545455,2820.139090909091,15413.51
bv-qspiflash_dualflexpress_divfive-p092,unsat,0,7,1,-1,-1,-1,0.44,3600.1,996.4872727272727,0.39,,20.0,6934.0,1414.0,2786.882727272727,15273.33
bv-qspiflash_dualflexpress_divfive-p097,unsat,0,7,1,-1,-1,-1,0.62,3600.11,1011.2081818181819,0.49,,17.0,6421.0,1447.3636363636363,2855.43,15549.47
bv-qspiflash_dualflexpress_divfive-p112,unsat,0,7,1,-1,-1,-1,0.57,3600.1,1028.63,0.49,,18.0,70666.0,7443.909090909091,3057.4700000000003,15910.42
bv-qspiflash_dualflexpress_divfive-p116,unsat,0,7,1,-1,-1,-1,0.1,3600.11,1051.4554545454546,0.0,,0.0,5626.0,1675.090909090909,3107.3054545454547,16295.02
bv-qspiflash_dualflexpress_divfive-p120,unsat,0,9,1,-1,-1,-1,0.32,3600.09,396.2918181818182,0.19,,18.0,3303.0,1042.0,1401.1909090909091,14115.27
bv-qspiflash_dualflexpress_divfive-p126,unsat,0,7,1,-1,-1,-1,0.21,3600.1,1040.7109090909091,0.09,,18.0,5850.0,1886.8181818181818,3068.949090909091,15512.56
bv-qspiflash_dualflexpress_divfive-p127,unsat,0,7,0,-1,-1,-1,0.11,3600.1,1679.3581818181817,0.0,,0.0,13318.0,4094.090909090909,6716.256363636364,18103.51
bv-qspiflash_dualflexpress_divfive-p128,unsat,0,10,1,-1,-1,-1,0.53,251.23,45.807272727272725,0.49,,18.0,1196.0,603.6363636363636,115.45727272727272,899.12
bv-qspiflash_dualflexpress_divfive-p133,unsat,0,7,1,-1,-1,-1,0.47,3600.1,1019.5418181818181,0.39,,18.0,6287.0,1686.8181818181818,2879.577272727273,15424.04
bv-qspiflash_dualflexpress_divfive-p135,unsat,0,7,1,-1,-1,-1,0.47,3600.1,1029.459090909091,0.39,,20.0,6320.0,1784.2727272727273,2978.2436363636366,15722.54
bv-qspiflash_dualflexpress_divfive-p136,unsat,0,7,1,-1,-1,-1,0.55,3600.1,1016.7563636363636,0.49,,20.0,6373.0,1669.0,2897.5872727272726,15486.81
bv-qspiflash_dualflexpress_divfive-p143,unsat,0,10,1,-1,-1,-1,0.03,21.62,2.312727272727273,0.0,,0.0,585.0,160.36363636363637,2.3454545454545457,21.6
bv-qspiflash_dualflexpress_divfive-p154,unsat,0,7,1,-1,-1,-1,0.58,3600.1,955.4118181818181,0.49,,20.0,122985.0,12206.727272727272,2630.3354545454545,12808.41
bv-qspiflash_dualflexpress_divfive-p161,unsat,0,7,0,-1,-1,-1,0.09,3600.1,1567.0463636363636,0.0,,0.0,11672.0,3788.4545454545455,5808.541818181819,18106.14
bv-qspiflash_dualflexpress_divfive-p164,unsat,0,7,1,-1,-1,-1,0.55,3600.1,1007.0709090909091,0.49,,18.0,22316.0,3064.6363636363635,2881.410909090909,15445.05
bv-qspiflash_dualflexpress_divthree-p005,unsat,0,7,0,-1,-1,-1,0.63,3600.1,1185.4745454545455,0.59,,16.0,122901.0,12527.272727272728,3110.1272727272726,14497.46
bv-qspiflash_dualflexpress_divthree-p006,unsat,0,9,1,-1,-1,-1,0.53,3600.09,433.7145454545455,0.49,,19.0,3476.0,978.3636363636364,767.4881818181818,3974.63
bv-qspiflash_dualflexpress_divthree-p007,unsat,0,7,0,-1,-1,-1,0.74,3600.1,1558.7718181818182,0.69,,17.0,122959.0,17887.363636363636,7539.282727272727,30515.87
bv-qspiflash_dualflexpress_divthree-p010,unsat,0,7,0,-1,-1,-1,0.75,3600.1,1426.7927272727272,0.69,,18.0,122980.0,14102.272727272728,5196.581818181819,14497.1
bv-qspiflash_dualflexpress_divthree-p012,unsat,0,7,0,-1,-1,-1,0.84,3600.1,1382.2472727272727,0.79,,16.0,122945.0,13258.545454545454,4525.873636363636,14496.9
bv-qspiflash_dualflexpress_divthree-p032,unsat,0,7,0,-1,-1,-1,0.54,3600.1,1348.9918181818182,0.49,,15.0,6953.0,2286.909090909091,3934.2736363636363,18105.26
bv-qspiflash_dualflexpress_divthree-p034,unsat,0,7,0,-1,-1,-1,0.55,3600.1,1371.2854545454545,0.49,,18.0,7301.0,2519.4545454545455,4094.779090909091,18104.21
bv-qspiflash_dualflexpress_divthree-p046,unsat,0,7,1,-1,-1,-1,0.54,3600.1,1000.71,0.49,,16.0,8368.0,1605.3636363636363,2797.3736363636363,15219.76
bv-qspiflash_dualflexpress_divthree-p054,unsat,0,7,1,-1,-1,-1,0.64,3600.09,965.7109090909091,0.58,,17.0,122946.0,12451.09090909091,2746.867272727273,13101.5
bv-qspiflash_dualflexpress_divthree-p068,unsat,0,7,1,-1,-1,-1,0.09,3600.1,1331.69,0.0,,0.0,16600.0,4048.4545454545455,5004.347272727273,18104.98
bv-qspiflash_dualflexpress_divthree-p069,unsat,0,7,1,-1,-1,-1,0.5,3600.1,858.449090909091,0.39,,18.0,122936.0,12174.09090909091,2244.9245454545458,11656.36
bv-qspiflash_dualflexpress_divthree-p075,unsat,0,9,1,-1,-1,-1,0.47,3600.09,699.8181818181819,0.39,,19.0,4070.0,1194.3636363636363,1695.8863636363635,8461.51
bv-qspiflash_dualflexpress_divthree-p076,unsat,0,7,1,-1,-1,-1,0.59,3600.1,1006.0254545454545,0.49,,17.0,122886.0,12095.818181818182,2834.4745454545455,14876.97
bv-qspiflash_dualflexpress_divthree-p085,unsat,0,7,1,-1,-1,-1,0.66,3600.1,1019.5045454545455,0.59,,17.0,122962.0,12150.727272727272,2917.2981818181815,15457.3
bv-qspiflash_dualflexpress_divthree-p094,unsat,0,7,1,-1,-1,-1,0.49,3600.1,1306.4963636363636,0.39,,18.0,122945.0,13604.90909090909,4843.359090909091,16325.59
bv-qspiflash_dualflexpress_divthree-p106,unsat,0,7,1,-1,-1,-1,0.36,3600.1,1318.4327272727273,0.29,,20.0,6540.0,2616.5454545454545,3964.339090909091,16030.2
bv-qspiflash_dualflexpress_divthree-p111,unsat,0,7,1,-1,-1,-1,0.56,3600.1,1035.1418181818183,0.49,,17.0,7881.0,1852.8181818181818,3308.3963636363637,17510.14
bv-qspiflash_dualflexpress_divthree-p113,unsat,0,7,1,-1,-1,-1,0.1,3600.1,1038.0154545454545,0.0,,0.0,122903.0,12966.545454545454,3322.791818181818,12188.62
bv-qspiflash_dualflexpress_divthree-p121,unsat,0,7,0,-1,-1,-1,0.53,3600.1,1372.000909090909,0.48,,15.0,7136.0,2344.6363636363635,4062.9872727272727,18105.82
bv-qspiflash_dualflexpress_divthree-p124,unsat,0,7,1,-1,-1,-1,0.49,3600.1,975.1363636363636,0.38,,16.0,122969.0,12184.181818181818,2700.9918181818184,13507.67
bv-qspiflash_dualflexpress_divthree-p134,unsat,0,7,1,-1,-1,-1,0.12,3600.1,1457.7154545454546,0.0,,3.0,7472.0,3134.0,4984.732727272727,17684.83
bv-qspiflash_dualflexpress_divthree-p136,unsat,0,7,1,-1,-1,-1,0.52,3600.1,1012.8081818181819,0.39,,15.0,6639.0,1676.7272727272727,2870.0763636363636,15471.52
bv-qspiflash_dualflexpress_divthree-p141,unsat,0,7,1,-1,-1,-1,0.63,3600.1,1029.73,0.59,,15.0,39807.0,4570.818181818182,2908.0081818181816,15633.56
bv-qspiflash_dualflexpress_divthree-p143,unsat,0,10,1,-1,-1,-1,0.03,20.44,2.230909090909091,0.0,,0.0,547.0,160.9090909090909,2.208181818181818,20.4
bv-qspiflash_dualflexpress_divthree-p151,unsat,0,7,0,-1,-1,-1,0.08,3600.1,1499.15,0.0,,0.0,31509.0,4824.363636363636,5621.828181818182,18105.68
bv-qspiflash_dualflexpress_divthree-p153,unsat,0,7,0,-1,-1,-1,0.08,3600.1,1536.418181818182,0.0,,0.0,21672.0,4216.545454545455,5742.331818181819,18106.16
bv-qspiflash_dualflexpress_divthree-p158,unsat,0,9,1,-1,-1,-1,0.09,3600.09,332.4027272727273,0.0,,0.0,1818.0,464.09090909090907,339.29272727272723,3599.91
bv-qspiflash_dualflexpress_divthree-p161,unsat,0,7,1,-1,-1,-1,0.08,3600.1,1356.3263636363636,0.0,,0.0,8008.0,2965.090909090909,4602.183636363637,18104.99
bv-qspiflash_dualflexpress_divthree-p164,unsat,0,7,1,-1,-1,-1,0.51,3600.1,1004.2290909090909,0.39,,15.0,6629.0,1583.1818181818182,2821.2845454545454,15320.41
bv-qspiflash_qflexpress_divfive-p017,unsat,0,10,1,-1,-1,-1,0.08,17.4,1.9636363636363634,0.0,,0.0,674.0,210.72727272727272,2.0290909090909093,17.3
bv-qspiflash_qflexpress_divfive-p029,unsat,0,7,1,-1,-1,-1,0.48,3600.1,1004.4327272727273,0.38,,16.0,6504.0,1640.7272727272727,2834.0436363636363,15295.48
bv-qspiflash_qflexpress_divfive-p036,unsat,0,7,1,-1,-1,-1,0.57,3600.1,998.1445454545454,0.49,,17.0,7594.0,1501.909090909091,2780.6981818181816,15230.56
bv-qspiflash_qflexpress_divfive-p038,unsat,0,7,1,-1,-1,-1,0.56,3600.1,994.5718181818182,0.49,,16.0,6910.0,1452.090909090909,2765.091818181818,15148.74
bv-qspiflash_qflexpress_divfive-p048,unsat,0,10,1,-1,-1,-1,0.15,39.6,4.17909090909091,0.09,,13.0,615.0,328.0,4.9354545454545455,39.5
bv-qspiflash_qflexpress_divfive-p063,unsat,0,7,1,-1,-1,-1,0.09,3600.1,1274.8454545454545,0.0,,0.0,9286.0,2574.2727272727275,4001.6918181818182,18105.7
bv-qspiflash_qflexpress_divfive-p064,unsat,0,7,1,-1,-1,-1,0.51,3600.1,997.5545454545454,0.49,,15.0,7736.0,1611.2727272727273,2788.6536363636365,15272.91
bv-qspiflash_qflexpress_divfive-p067,unsat,0,7,1,-1,-1,-1,0.41,3600.1,1134.4554545454546,0.29,,18.0,6263.0,1971.7272727272727,3277.7027272727273,15776.77
bv-qspiflash_qflexpress_divfive-p075,unsat,0,7,1,-1,-1,-1,0.48,3600.1,1297.3672727272726,0.39,,16.0,14949.0,4249.454545454545,4948.329090909091,16151.0
bv-qspiflash_qflexpress_divfive-p079,unsat,0,7,1,-1,-1,-1,0.54,3600.1,1016.6236363636364,0.49,,20.0,6981.0,1559.4545454545455,2946.049090909091,15987.09
bv-qspiflash_qflexpress_divfive-p094,unsat,0,7,1,-1,-1,-1,0.5,3600.1,904.5945454545455,0.39,,20.0,122990.0,12122.818181818182,2411.9836363636364,11748.4
bv-qspiflash_qflexpress_divfive-p100,unsat,0,7,1,-1,-1,-1,0.47,3600.1,1112.6163636363635,0.38,,20.0,23178.0,3811.5454545454545,3625.311818181818,15844.91
bv-qspiflash_qflexpress_divfive-p104,unsat,0,7,1,-1,-1,-1,0.41,3600.1,994.6518181818182,0.29,,17.0,7009.0,1441.5454545454545,2768.270909090909,15182.14
bv-qspiflash_qflexpress_divfive-p107,unsat,0,7,1,-1,-1,-1,0.09,3600.11,1101.2527272727273,0.0,,0.0,5998.0,1983.6363636363637,3435.3045454545454,17154.6
bv-qspiflash_qflexpress_divfive-p113,unsat,0,7,1,-1,-1,-1,0.59,3600.11,1021.0254545454545,0.49,,17.0,6998.0,1684.4545454545455,2879.15,15543.43
bv-qspiflash_qflexpress_divfive-p121,unsat,0,7,1,-1,-1,-1,0.58,3600.1,1244.2527272727273,0.49,,17.0,72160.0,7814.181818181818,3604.800909090909,18103.25
bv-qspiflash_qflexpress_divfive-p122,unsat,0,10,1,-1,-1,-1,0.23,50.58,5.25,0.19,,14.0,584.0,297.6363636363636,6.047272727272727,50.51
bv-qspiflash_qflexpress_divfive-p137,unsat,0,7,1,-1,-1,-1,0.11,3600.1,1185.08,0.0,,0.0,30908.0,4279.909090909091,5325.043636363636,26770.7
bv-qspiflash_qflexpress_divfive-p139,unsat,0,6,2,-1,-1,-1,0.54,3600.12,1341.949090909091,0.48,,17.0,48518.0,5828.636363636364,7604.836363636364,51774.3
bv-rast-p00,unsat,0,6,1,-1,-1,-1,1.37,3600.1,1760.2563636363636,1.29,,25.0,34690.0,4986.090909090909,9093.08909090909,53758.93
bv-rast-p01,unsat,0,10,1,-1,-1,-1,0.07,25.05,3.0654545454545454,0.0,,0.0,960.0,259.3636363636364,3.6163636363636362,25.0
bv-rast-p03,sat,11,0,0,-1,0,-0.45454545454545453,0.01,4.4,0.8427272727272728,0.0,,0.0,2100.0,286.1818181818182,1.059090909090909,5.49
bv-rast-p04,unsat,0,10,1,-1,-1,-1,0.07,13.86,2.090909090909091,0.0,,0.0,1094.0,308.27272727272725,2.6454545454545455,13.8
bv-rast-p06,sat,11,0,0,-1,0,-0.45454545454545453,0.01,4.39,0.8454545454545455,0.0,,0.0,2096.0,299.72727272727275,1.0881818181818181,5.4
bv-rast-p11,unsat,0,10,1,-1,-1,-1,0.08,17.03,2.347272727272727,0.0,,0.0,2280.0,355.54545454545456,2.889090909090909,17.0
bv-rast-p14,unsat,0,2,1,-1,-1,-1,6.71,3600.1,2952.6236363636363,6.59,,31.0,33358.0,7490.636363636364,19522.62090909091,54958.92
bv-rast-p16,unsat,0,4,1,-1,-1,-1,1.07,3600.12,2301.382727272727,0.99,,26.0,36363.0,9573.272727272728,16406.09909090909,53106.13
bv-rast-p17,unsat,0,1,1,-1,-1,-1,0.6,3600.13,3270.3654545454547,0.49,,28.0,67627.0,15822.272727272728,21888.246363636365,50011.67
bv-rast-p18,sat,11,0,0,-1,0,-0.45454545454545453,0.01,4.4,0.8572727272727273,0.0,,0.0,2094.0,287.8181818181818,1.0845454545454545,5.42
bv-rast-p19,sat,11,0,0,-1,0,-0.45454545454545453,0.01,4.45,0.860909090909091,0.0,,0.0,2096.0,285.54545454545456,1.1018181818181818,5.48
bv-rast-p21,unsat,0,10,1,-1,-1,-1,0.08,46.26,5.035454545454545,0.0,,0.0,856.0,242.63636363636363,5.515454545454546,46.19
bv-ridecore,sat,3,0,1,-1,17,3.909090909090909,615.49,3600.11,3016.451818181818,3599.94,,604.0,27657.0,11865.454545454546,15475.450909090909,53974.17
bv-rushhour.4.prop1-func-interl,unsat,0,5,1,-1,-1,-1,4.35,3600.11,2007.9345454545455,41.9,,197.0,28582.0,5392.818181818182,8538.335454545455,47770.06
bv-shift_register_top_w128_d16_e0,sat,6,0,0,-1,39,12.272727272727273,129.65,3600.1,1972.14,822.48,,104.0,7193.0,2483.6363636363635,6718.6163636363635,18106.28
bv-shift_register_top_w128_d64_e0,unknown,0,0,1,-1,-1,-1,3575.32,3600.11,3597.8436363636365,3599.95,,311.0,36158.0,7288.454545454545,22436.91181818182,49340.17
bv-shift_register_top_w16_d128_e0,unknown,0,0,1,-1,-1,-1,3575.73,3600.1,3597.8818181818183,3599.76,,112.0,39945.0,7462.363636363636,22778.174545454545,53760.92
bv-shift_register_top_w16_d16_e0,sat,7,1,0,-1,34,14.454545454545455,3.35,3600.1,1137.3245454545454,3.29,,25.0,5002.0,1534.8181818181818,3690.7054545454544,18103.82
bv-shift_register_top_w16_d32_e0,sat,5,1,0,-1,72,18.181818181818183,4.26,3600.1,1865.8263636363636,4.19,,30.0,20234.0,3818.6363636363635,8392.975454545454,27452.02
bv-shift_register_top_w16_d64_e0,sat,3,1,1,-1,138,36,4.36,3600.1,2487.98,4.29,,37.0,33696.0,5537.545454545455,13540.40181818182,51241.81
bv-shift_register_top_w16_d8_e0,sat,10,1,0,-1,16,6.7272727272727275,1.43,18.15,7.228181818181818,3.29,,22.0,1221.0,428.27272727272725,30.57272727272727,102.0
bv-shift_register_top_w32_d128_e0,unknown,0,0,1,-1,-1,-1,3576.22,3600.1,3597.927272727273,3599.9,,169.0,55429.0,8838.363636363636,23102.02181818182,56038.78
bv-shift_register_top_w32_d16_e0,sat,5,1,0,-1,35,8.545454545454545,8.07,3600.1,1675.4972727272727,7.99,,34.0,6633.0,2162.3636363636365,5856.685454545454,20961.68
bv-shift_register_top_w32_d8_e0,sat,10,1,0,-1,16,6.7272727272727275,2.47,32.86,14.617272727272727,7.29,,26.0,1328.0,474.6363636363636,53.46818181818182,141.91
bv-shift_register_top_w64_d8_e0,sat,10,1,0,-1,19,7.2727272727272725,7.04,118.34,55.275454545454544,23.58,,45.0,1596.0,598.8181818181819,205.0090909090909,484.32
bv-shift_register_top_w8_d128_e0,sat,2,1,1,-1,278,48.09090909090909,2.58,3600.1,2971.732727272727,2.49,,41.0,38936.0,7099.545454545455,19181.634545454544,54333.58
bv-simple_alu,unsat,0,9,2,-1,-1,-1,0.06,209.41,19.37818181818182,0.0,,0.0,266.0,80.45454545454545,19.344545454545454,209.3
bv-stack-p1,sat,11,0,0,-1,1,0.09090909090909091,0.01,25.51,2.821818181818182,0.0,,0.0,2586.0,405.45454545454544,5.609090909090909,54.33
bv-stack-p2,unsat,0,10,1,-1,-1,-1,0.03,1.6,0.5509090909090909,0.0,,0.0,723.0,292.8181818181818,0.8554545454545455,4.02
bv-vcegar_QF_BV_ar,unsat,0,10,1,-1,-1,-1,0.06,215.37,21.661818181818184,0.0,,0.0,763.0,157.72727272727272,21.723636363636363,215.34
bv-vcegar_QF_BV_itc99_b13_p10,unsat,0,10,1,-1,-1,-1,0.02,839.76,76.63,0.0,,0.0,1502.0,212.1818181818182,76.62272727272727,839.68
bv-vcegar_arrays_itc99_b12_p2,unsat,0,1,1,-1,-1,-1,0.61,3600.12,3270.552727272727,0.49,,30.0,46463.0,11904.545454545454,24108.682727272728,56134.47
bv-vgasim_imgfifo-p036,unsat,0,1,1,-1,-1,-1,0.49,3600.1,3270.7063636363637,0.39,,25.0,32324.0,8438.636363636364,20214.699090909093,42128.89
bv-vgasim_imgfifo-p047,unsat,0,10,1,-1,-1,-1,0.06,64.36,6.474545454545455,0.0,,0.0,1968.0,489.0,6.932727272727273,64.3
bv-vgasim_imgfifo-p064,unsat,0,10,1,-1,-1,-1,0.46,731.67,104.6790909090909,0.39,,30.0,1935.0,929.5454545454545,227.2690909090909,1322.59
bv-vgasim_imgfifo-p066,unsat,0,10,1,-1,-1,-1,0.17,173.17,16.978181818181817,0.09,,18.0,1967.0,604.4545454545455,20.151818181818182,173.1
bv-vgasim_imgfifo-p070,unsat,0,10,1,-1,-1,-1,0.62,3167.17,710.6163636363636,0.59,,21.0,16763.0,5209.181818181818,3100.7827272727272,10058.63
bv-vgasim_imgfifo-p075,unsat,0,1,1,-1,-1,-1,0.52,3600.1,3270.5236363636363,0.39,,25.0,37659.0,7714.909090909091,19295.29909090909,38184.86
bv-vgasim_imgfifo-p082,unsat,0,10,1,-1,-1,-1,0.44,612.7,75.64181818181818,0.39,,25.0,1641.0,894.6363636363636,155.87545454545455,612.6
bv-vgasim_imgfifo-p088,unsat,0,1,1,-1,-1,-1,0.23,3600.1,3270.6863636363637,0.19,,34.0,30832.0,10310.818181818182,20277.851818181818,42737.13
bv-vgasim_imgfifo-p089,unsat,0,10,1,-1,-1,-1,0.46,358.35,47.77,0.39,,25.0,1568.0,779.8181818181819,99.10545454545455,441.58
bv-vgasim_imgfifo-p093,unsat,0,10,1,-1,-1,-1,0.17,317.32,62.14181818181818,0.09,,25.0,2103.0,1002.1818181818181,180.44727272727275,1277.16
bv-vgasim_imgfifo-p099,unsat,0,10,1,-1,-1,-1,0.45,333.3,45.76,0.39,,26.0,1484.0,782.4545454545455,98.06272727272727,449.16
bv-vgasim_imgfifo-p105,unsat,0,10,1,-1,-1,-1,0.41,254.96,29.555454545454545,0.29,,30.0,1453.0,679.4545454545455,51.03,254.89
bv-vgasim_imgfifo-p109,unsat,0,9,1,-1,-1,-1,0.49,3600.1,660.2954545454545,0.39,,21.0,8000.0,2405.818181818182,2054.38,14398.28
bv-vgasim_imgfifo-p110,unsat,0,1,1,-1,-1,-1,0.61,3600.12,3270.6845454545455,0.49,,25.0,27549.0,7981.727272727273,20384.03090909091,43204.43
bv-vgasim_imgfifo-p111,unsat,0,1,1,-1,-1,-1,0.23,3600.11,3270.5763636363636,0.19,,31.0,34245.0,10414.363636363636,20635.914545454547,41964.57
bv-vis_arrays_am2901,sat,6,1,0,-1,17,5.2727272727272725,0.2,3600.1,1361.861818181818,0.05,,16.0,9913.0,1846.4545454545455,3019.0463636363634,14497.71
bv-vis_arrays_am2910_p1,unsat,0,9,1,-1,-1,-1,0.15,3600.1,330.20363636363635,0.07,,15.0,5430.0,679.2727272727273,330.70363636363635,3599.98
bv-vis_arrays_am2910_p2,unsat,0,9,1,-1,-1,-1,0.04,3600.09,327.7390909090909,0.0,,0.0,3044.0,363.90909090909093,327.6963636363636,3599.86
bv-vis_arrays_am2910_p3,unsat,0,9,1,-1,-1,-1,0.08,3600.1,329.77181818181816,0.0,,0.0,6187.0,764.1818181818181,330.7145454545455,3600.03
bv-vis_arrays_buf_bug,sat,10,1,0,-1,28,10.272727272727273,0.25,7.42,2.2172727272727273,0.25,,9.0,980.0,276.0,7.897272727272727,38.46
bv-vis_arrays_bufferAlloc,unsat,0,5,1,-1,-1,-1,1.11,3600.1,2237.57,0.99,,13.0,104417.0,12136.363636363636,12627.678181818183,50905.69
bv-zipcpu-busdelay-p00,unsat,0,6,1,-1,-1,-1,1.55,3600.1,1670.7563636363636,1.49,,16.0,53599.0,6402.727272727273,6535.683636363637,30341.12
bv-zipcpu-busdelay-p15,unsat,0,10,1,-1,-1,-1,0.62,150.32,30.01909090909091,0.59,,16.0,2075.0,670.3636363636364,92.14636363636363,755.0
bv-zipcpu-busdelay-p30,unsat,0,7,0,-1,-1,-1,0.82,3600.1,1436.4572727272728,0.79,,14.0,21820.0,3363.909090909091,4792.268181818182,18104.22
bv-zipcpu-busdelay-p36,unsat,0,7,0,-1,-1,-1,1.45,3600.1,1370.3145454545454,1.39,,16.0,9581.0,2517.181818181818,4190.828181818182,18105.6
bv-zipcpu-busdelay-p43,unsat,0,10,1,-1,-1,-1,0.14,32.98,5.957272727272727,0.09,,12.0,922.0,360.45454545454544,7.8,32.9
bv-zipcpu-busdelay-p46,unsat,0,7,0,-1,-1,-1,1.31,3600.1,1421.8027272727272,1.19,,14.0,19455.0,3070.2727272727275,4655.009090909091,18106.24
bv-zipcpu-busdelay-p47,unsat,0,9,1,-1,-1,-1,0.96,3600.1,479.91090909090906,0.89,,17.0,2861.0,989.3636363636364,1411.5536363636365,12037.29
bv-zipcpu-pfcache-p01,unsat,0,10,1,-1,-1,-1,0.17,654.99,86.95454545454545,0.09,,22.0,2686.0,1286.3636363636363,301.4481818181818,2636.84
bv-zipcpu-pfcache-p02,unsat,0,10,1,-1,-1,-1,0.17,472.18,62.42545454545455,0.09,,21.0,1900.0,1012.4545454545455,216.45363636363638,1901.14
bv-zipcpu-pfcache-p13,unsat,0,10,1,-1,-1,-1,0.39,376.42,36.04727272727273,0.29,,35.0,7971.0,1364.6363636363637,40.05,376.4
bv-zipcpu-pfcache-p20,unsat,0,10,1,-1,-1,-1,0.11,88.48,8.774545454545455,0.0,,0.0,1785.0,541.4545454545455,9.637272727272727,88.39
bv-zipcpu-pfcache-p22,unsat,0,9,1,-1,-1,-1,0.38,3600.1,558.9263636363636,0.29,,28.0,9663.0,2179.090909090909,1744.3227272727272,11578.97
bv-zipcpu-pfcache-p24,unsat,0,10,1,-1,-1,-1,0.32,474.42,76.04272727272728,0.28,,26.0,2680.0,1299.3636363636363,241.91545454545454,1909.61
bv-zipcpu-pfcache-p27,unsat,0,10,1,-1,-1,-1,0.11,43.17,4.606363636363636,0.0,,0.0,1922.0,516.0909090909091,5.171818181818182,43.09
bv-zipcpu-pfcache-p28,unsat,0,10,1,-1,-1,-1,0.18,484.92,45.86909090909091,0.09,,17.0,13123.0,1842.5454545454545,49.267272727272726,484.9
bv-zipcpu-zipmmu-p00,unsat,0,7,2,-1,-1,-1,1.04,3600.1,909.2754545454545,0.99,,27.0,21747.0,4420.454545454545,2345.5009090909093,12284.12
bv-zipcpu-zipmmu-p02,unsat,0,6,1,-1,-1,-1,1.18,3600.1,1502.2481818181818,1.08,,19.0,22093.0,4217.636363636364,5558.925454545455,24029.63
bv-zipcpu-zipmmu-p09,unsat,0,10,1,-1,-1,-1,0.04,299.92,27.87636363636364,0.0,,0.0,1131.0,438.27272727272725,29.135454545454543,299.9
bv-zipcpu-zipmmu-p14,unsat,0,10,1,-1,-1,-1,0.45,2819.4,599.6981818181819,0.39,,27.0,68035.0,7681.545454545455,1844.5118181818182,9219.05
bv-zipcpu-zipmmu-p26,unsat,0,7,1,-1,-1,-1,0.99,3600.1,1321.9918181818182,0.88,,20.0,17835.0,3325.0,4428.880909090909,15757.62
bv-zipcpu-zipmmu-p31,unsat,0,9,1,-1,-1,-1,0.92,3600.1,448.73454545454547,0.89,,17.0,25900.0,2806.909090909091,2302.752727272727,23666.39
bv-zipcpu-zipmmu-p33,unsat,0,6,1,-1,-1,-1,1.04,3600.1,1543.341818181818,0.99,,23.0,11876.0,2951.7272727272725,5633.492727272727,23306.75
bv-zipcpu-zipmmu-p39,unsat,0,8,1,-1,-1,-1,0.38,3600.1,679.2527272727273,0.29,,28.0,6776.0,1420.5454545454545,1435.4645454545453,11521.38
bv-zipcpu-zipmmu-p48,unsat,0,10,1,-1,-1,-1,0.89,2412.81,525.3236363636364,0.79,,22.0,8549.0,2207.2727272727275,1939.709090909091,8343.64
bv-zipversa_composecrc_prf-p00,unsat,0,10,1,-1,-1,-1,0.04,6.28,0.9327272727272727,0.0,,0.0,917.0,233.0909090909091,0.9963636363636363,6.2
bv-zipversa_composecrc_prf-p03,unknown,0,0,1,-1,-1,-1,3575.72,3600.1,3597.8772727272726,3599.51,,93.0,67200.0,10028.454545454546,16521.64181818182,52574.08
bv-zipversa_composecrc_prf-p07,unsat,0,10,1,-1,-1,-1,0.03,48.6,4.7736363636363635,0.0,,0.0,839.0,214.1818181818182,4.824545454545454,48.5
bv-zipversa_composecrc_prf-p10,unsat,0,1,2,-1,-1,-1,16.49,3600.1,3036.610909090909,64.45,,236.0,43480.0,11052.272727272728,18468.85,35998.03
bv-zipversa_composecrc_prf-p11,unsat,0,10,1,-1,-1,-1,0.03,8.62,1.1654545454545453,0.0,,0.0,859.0,197.45454545454547,1.1581818181818182,8.6
bv-zipversa_composecrc_prf-p15,unsat,0,10,1,-1,-1,-1,0.15,56.66,5.764545454545455,0.09,,11.0,1086.0,377.72727272727275,7.191818181818181,56.6
bv-zipversa_composecrc_prf-p17,unsat,0,10,1,-1,-1,-1,0.15,34.32,3.7263636363636365,0.09,,11.0,1086.0,401.27272727272725,5.172727272727273,34.29
bv-zipversa_composecrc_prf-p22,unsat,0,10,1,-1,-1,-1,0.15,52.04,5.303636363636364,0.09,,11.0,1083.0,406.09090909090907,6.52,52.0
